Year,Afghanistan,Angola,Albania,United Arab Emirates,Argentina,Armenia,Australia,Austria,Azerbaijan,Burundi,Belgium,Benin,Burkina Faso,Bangladesh,Bulgaria,Bahrain,Bosnia and Herzegovina,Belarus,Bolivia (Plurinational State of),Brazil,Barbados,Botswana,Central African Republic,Canada,Switzerland,Chile,China,CÃ´te d'Ivoire,Cameroon,D.R. of the Congo,Congo,Colombia,Comoros,Cabo Verde,Costa Rica,Czechoslovakia,Cuba,Cyprus,Czech Republic,Germany,Djibouti,Dominica,Denmark,Dominican Republic,Algeria,Ecuador,Egypt,Spain,Estonia,Ethiopia,Finland,France,Gabon,United Kingdom,Georgia,Ghana,Guinea,Gambia,Guinea-Bissau,Equatorial Guinea,Greece,Guatemala,"China, Hong Kong SAR",Honduras,Croatia,Haiti,Hungary,Indonesia,India,Ireland,Iran (Islamic Republic of),Iraq,Iceland,Israel,Italy,Jamaica,Jordan,Japan,Kazakhstan,Kenya,Kyrgyzstan,Cambodia,Republic of Korea,Kuwait,Lao People's DR,Lebanon,Liberia,Libya,Saint Lucia,Sri Lanka,Lesotho,Lithuania,Luxembourg,Latvia,Morocco,Republic of Moldova,Madagascar,Mexico,TFYR of Macedonia,Mali,Malta,Myanmar,Montenegro,Mongolia,Mozambique,Mauritania,Mauritius,Malawi,Malaysia,Namibia,Niger,Nigeria,Nicaragua,Netherlands,Norway,Nepal,New Zealand,Oman,Pakistan,Panama,Peru,Philippines,Poland,Puerto Rico,D.P.R. of Korea,Portugal,Paraguay,State of Palestine,Qatar,Romania,Russian Federation,Rwanda,Saudi Arabia,Sudan (Former),Senegal,Singapore,Sierra Leone,El Salvador,Serbia,Sao Tome and Principe,Former USSR,Slovakia,Slovenia,Sweden,Swaziland,Seychelles,Syrian Arab Republic,Chad,Togo,Thailand,Tajikistan,Turkmenistan,Trinidad and Tobago,Tunisia,Turkey,"Taiwan, Province of China",U.R. of Tanzania: Mainland,Uganda,Ukraine,Uruguay,United States,Uzbekistan,Venezuela (Bolivarian Republic of),Viet Nam,Yemen,Former Yugoslavia,South Africa,Zambia,Zimbabwe
1950,"1,156","1,677","1,596","25,182","7,949",,"11,815","5,907",,595,"8,706","1,627",756,861,"2,632","3,354",,,"3,011","2,236","3,390",489,"1,307","11,622","11,541","5,880",799,"1,659","1,070",909,"1,693","3,432",534,"1,006","3,129","5,581","2,638","2,885",,"6,186","3,459",980,"11,067","1,637","2,176","2,970","1,451","3,464",,622,"6,779","8,266","2,958","11,061",,"1,788",520,982,462,797,"3,052","3,323","4,082","2,018",,"1,790","3,953","1,280",987,"5,504","2,742","2,174","8,498","4,490","5,582","2,115","2,651","3,062",,"1,038",,768,998,"46,031",697,"3,872","3,151",620,"1,231","1,997",631,,"13,378",,"2,319",,"1,516","3,510",,728,"1,573",631,,677,"1,806",679,"3,942",516,"2,485","4,009",983,"1,200","2,565","9,558","8,655",802,"13,479",993,"1,025","2,577","3,679","1,706","3,900","3,416",,"3,325","2,391","1,549","48,436",824,,"1,020","3,556","1,309","2,007","3,572",902,"2,375",,"1,278","4,529",,,"10,742",604,"2,632","3,838",815,870,"1,302",,,"5,856","1,777","2,079","1,460",676,"1,095",,"7,015","15,240",,"8,462","1,049","1,452","2,276","4,041","1,054","1,117"
1951,"1,170","1,715","1,666","26,634","8,086",,"11,966","6,311",,618,"9,161","1,597",776,862,"3,170","3,483",,,"3,209","2,279","3,513",497,"1,339","12,007","11,878","6,001",950,"1,686","1,095",995,"1,726","3,427",553,"1,019","3,110","5,617","2,664","2,782",,"6,704","3,566","1,066","11,056","1,780","2,147","2,925","1,443","3,790",,630,"7,286","8,705","3,049","11,354",,"1,808",542,"1,015",489,827,"3,287","3,263","3,688","2,066",,"1,788","4,296","1,356",993,"5,649","2,668","2,303","8,080","5,035","5,958","2,251","2,702","3,389",,"1,229",,775,991,"47,464",706,"5,150","3,257",668,"1,254","2,061",657,,"12,337",,"2,324",,"1,549","3,673",,740,"1,642",711,,697,"1,841",698,"4,022",529,"2,295","4,038","1,004","1,262","2,657","9,615","9,038",816,"12,199","1,036",969,"2,491","3,867","1,835","4,001","3,515",,"3,456","2,373","1,608","48,653","1,046",,"1,058","3,784","1,334","2,042","3,368",942,"2,361",,"1,274","4,473",,,"11,077",623,"2,778","3,609",834,885,"1,353",,,"6,207","1,763","2,299","1,513",743,"1,023",,"7,548","16,125",,"9,039","1,078","1,463","2,335","4,130","1,097","1,151"
1952,"1,189","1,755","1,667","27,490","7,519",,"11,824","6,323",,626,"9,035","1,565",797,874,"3,017","3,614","1,894",,"3,237","2,377","3,655",504,"1,369","12,486","12,016","6,252","1,047","1,714","1,122","1,065","1,758","3,529",559,"1,031","3,370","5,735","2,844","3,017",,"7,257","3,585","1,121","11,086","1,868","2,193","3,202","1,435","4,105",,636,"7,450","8,869","3,143","11,303",,"1,728",550,"1,022",516,845,"3,272","3,226","3,846","2,083","2,738","1,860","4,403","1,401","1,003","5,805","2,597","2,482","8,823","4,828","6,371","2,397","2,751","3,724",,"1,063",,803,"1,038","47,856",714,"5,327","3,277",697,"1,288","2,093",666,,"13,162",,"2,327",,"1,581","3,706","2,150",752,"1,701",716,"1,784",719,"1,878",717,"4,002",540,"2,345","4,066","1,023","1,323","3,016","9,698","9,267",835,"12,427","1,079",950,"2,557","3,964","1,890","4,018","3,730",,"3,445","2,273","1,669","47,990","1,031",,"1,071","3,937","1,363","2,077","2,342",958,"2,472","2,032","1,272","4,682",,"3,934","11,152",628,"2,821","4,441",851,899,"1,385",,,"6,282","1,945","2,522","1,639",740,"1,058",,"7,353","16,444",,"9,309","1,106","1,473","2,125","4,175","1,140","1,154"
1953,"1,240","1,795","1,736","29,358","7,769",,"11,963","6,594",,641,"9,274","1,492",816,872,"3,323","3,747","1,878",,"2,869","2,418","3,803",513,"1,400","12,726","12,471","6,582","1,157","1,741","1,148","1,105","1,790","3,629",571,"1,044","3,751","5,649","2,611","3,274",,"7,818","3,633","1,073","11,623","1,790","2,182","3,185","1,425","4,066",,662,"7,415","9,060","3,237","11,709",,"1,916",563,"1,036",547,867,"3,681","3,239","3,982","2,184","2,952","1,771","4,441","1,451","1,047","5,973","2,531","3,394","8,886","4,638","6,790","2,695","2,801","3,944",,"1,009",,792,"1,317","49,989",722,"5,968","3,325",685,"1,326","2,071",682,,"13,256",,"2,340",,"1,613","3,602","2,240",765,"1,779",724,"1,570",741,"1,911",736,"4,006",553,"2,295","4,125","1,042","1,325","2,997","10,429","9,540",877,"12,522","1,127","1,015","2,649","4,111","1,999","4,173","3,937",,"3,663","2,276","1,733","49,284","1,148",,"1,090","4,246","1,388","2,110","2,794",982,"2,577","2,348","1,272","4,803",,"4,106","11,389",638,"2,868","4,916",870,913,"1,490",,,"6,303","1,983","2,745","1,728",697,"1,076",,"8,030","16,917",,"9,500","1,135","1,482","2,289","4,264","1,184","1,211"
1954,"1,245","1,720","1,785","31,695","7,938",,"12,419","7,261",,665,"9,610","1,505",838,872,"3,228","3,883","1,847",,"2,868","2,531","3,947",521,"1,431","12,272","13,171","6,237","1,049","1,769","1,175","1,148","1,822","3,759",590,"1,030","3,649","5,821","2,611","3,287",,"8,364","3,743","1,098","11,749","1,833","2,291","3,352","1,417","4,328",,650,"7,973","9,428","3,335","12,145",,"2,099",587,"1,068",652,901,"3,759","3,194","4,124","1,997","3,193","1,884","4,543","1,517","1,071","6,048","2,464","3,926","9,446","5,378","7,092","2,962","2,848","4,116",,"1,095",,864,"1,373","52,920",730,"6,668","3,427",662,"1,364","2,066",708,,"13,238",,"2,353",,"1,645","3,851","2,289",778,"1,844",668,"1,581",764,"1,924",756,"4,095",566,"2,375","4,254","1,063","1,382","3,178","11,010","9,923",886,"13,936","1,173","1,014","2,681","4,117","2,085","4,328","4,081",,"3,814","2,255","1,801","51,490","1,165",,"1,127","4,642","1,417","2,146","3,202","1,023","2,536","2,236","1,325","4,951",,"4,623","11,799",658,"2,992","5,504",888,928,"1,431",,,"6,239","1,991","2,609","1,825",735,"1,033",,"8,273","16,512",,"10,020","1,167","1,492","2,335","4,404","1,231","1,231"
1955,"1,246","1,830","1,882","31,374","8,348",,"12,795","8,054",,674,"10,010","1,474",859,810,"3,424","4,014","2,265",,"2,954","2,675","4,133",529,"1,462","13,072","13,999","6,341","1,119","1,796","1,202","1,170","1,854","3,783",596,"1,034","3,921","6,252","2,638","3,360",,"9,240","3,765","1,130","11,788","1,886","2,303","3,349","1,411","4,442",,673,"8,284","9,881","3,437","12,541",,"1,913",598,"1,074",622,915,"4,007","3,170","4,280","1,986","3,749","1,776","4,894","1,537","1,078","6,248","2,397","3,663","10,096","5,899","7,453","3,220","2,590","4,417",,"1,144",,826,"1,411","51,417",738,"7,010","3,454",807,"1,400","2,131",719,,"13,818",,"2,364",,"1,677","4,060","2,766",791,"1,930",744,"2,099",786,"2,007",776,"4,095",564,"2,327","4,288","1,082","1,379","3,288","11,678","10,044",894,"13,908","1,221","1,012","2,766","4,309","2,165","4,454","4,221",,"3,945","2,299","1,867","49,632","1,419",,"1,138","4,658","1,446","2,179","2,946","1,044","2,590","2,584","1,191","5,281",,"5,002","12,060",663,"2,979","4,844",907,940,"1,506",,,"6,880","1,855","2,754","1,895",733,"1,071",,"8,176","17,370",,"10,501","1,195","1,502","2,721","4,511","1,173","1,288"
1956,"1,278","1,769","1,902","32,481","8,424",,"12,924","8,603",,687,"10,237","1,444",883,878,"3,392","4,141","1,932",,"2,719","2,672","4,390",537,"1,492","13,791","14,507","6,285","1,189","1,824","1,229","1,224","1,884","3,811",606,"1,047","3,668","6,551","2,740","3,688",,"9,846","3,810","1,203","11,858","2,008","2,475","3,381","1,443","4,769",,682,"8,440","10,278","3,539","12,639",,"1,970",610,"1,086",703,940,"4,313","3,347","4,450","2,080","3,564","1,897","4,632","1,533","1,117","6,212","2,541","3,808","10,323","6,153","7,745","3,491","3,410","4,699",,"1,173",,912,"1,382","52,404",744,"6,663","3,494",950,"1,433","2,091",735,,"14,343",,"2,313",,"1,709","4,213","2,799",803,"2,150",781,"1,906",810,"1,980",797,"4,106",599,"2,399","4,340","1,103","1,309","3,186","11,953","10,480",925,"14,346","1,274","1,017","2,836","4,385","2,248","4,565","4,525",,"4,087","2,335","1,930","50,628","1,223",,"1,156","4,901","1,556","2,212","3,241","1,070","2,715","2,447","1,256","5,684",,"4,889","12,428",673,"2,949","5,592",926,955,"1,482",,,"8,064","1,949","2,777","1,926",724,"1,100",,"8,225","17,397",,"11,136","1,218","1,508","2,560","4,645","1,280","1,422"
1957,"1,253","1,908","2,023","32,329","8,705",,"12,895","9,111",,701,"10,353","1,414",905,845,"3,714","4,262","2,214",,"2,573","2,793","4,646",544,"1,522","13,719","14,668","6,758","1,195","1,852","1,256","1,237","1,914","3,826",615,"1,012","3,835","6,886","2,922","3,848",,"10,348","3,848","1,239","12,696","2,066","2,699","3,437","1,474","4,900",,665,"8,751","10,779","3,642","12,779",,"1,978",622,"1,097",744,958,"4,557","3,424","4,626","2,107","4,203","1,752","5,051","1,613","1,084","6,239","2,817","3,666","10,079","6,363","8,158","3,934","3,354","4,999",,"1,176",,947,"1,467","50,126",751,"6,599","3,537",958,"1,479","2,067",749,,"14,961",,"2,263",,"1,741","4,403","3,062",816,"2,144",813,"2,125",835,"1,986",816,"4,136",610,"2,319","4,398","1,122","1,323","3,351","12,137","10,697",915,"14,418","1,325","1,036","3,054","4,479","2,299","4,721","4,729",,"4,238","2,381","2,000","49,973","1,427",,"1,173","4,972","1,492","2,246","2,874","1,093","2,775","3,147","1,245","5,700",,"5,432","12,899",682,"3,008","5,781",945,969,"1,451",,,"8,518","1,847","2,920","1,997",720,"1,116",,"8,176","17,406",,"11,923","1,235","1,516","3,045","4,704","1,302","1,473"
1958,"1,298","1,978","2,114","32,473","9,083",,"13,238","9,416",,708,"10,268","1,435",929,813,"3,998","4,366","2,284",,"2,576","3,005","4,855",550,"1,553","13,603","14,644","6,958","1,173","1,879","1,283","1,176","1,946","3,798",618,"1,004","4,152","7,348","2,922","3,660",,"10,739","3,840","1,261","12,903","2,104","2,740","3,441","1,510","5,176",,674,"8,725","10,927","3,749","12,698",,"1,892",630,"1,097",762,974,"4,723","3,470","4,799","2,106","4,285","1,855","5,367","1,530","1,141","6,169","3,057","3,974","10,568","6,550","8,544","3,918","3,539","5,243",,"1,156",,969,"1,518","47,671",759,"5,510","3,545","1,020","1,545","2,074",764,,"15,093",,"2,214",,"1,773","4,501","3,301",830,"2,255",778,"2,072",859,"2,040",837,"4,132",618,"2,252","4,409","1,143","1,270","3,258","11,926","10,603",956,"14,641","1,380","1,025","3,014","4,372","2,308","4,873","4,784",,"4,259","2,453","2,048","50,042","1,323",,"1,178","5,107","1,513","2,278","2,880","1,109","2,751","3,022","1,364","6,020",,"6,005","12,884",684,"3,027","4,844",966,982,"1,457",,,"8,941","2,058","2,973","2,056",708,"1,092",,"7,788","16,946",,"11,615","1,251","1,522","3,084","4,685","1,237","1,444"
1959,"1,307","1,953","2,201","34,153","8,354",,"13,753","9,645",,736,"10,533","1,457",953,838,"4,278","4,457","2,667",,"2,511","3,201","5,053",559,"1,581","13,829","15,470","6,409","1,117","1,898","1,310","1,191","1,977","3,942",639,"1,087","4,141","7,619","3,006","3,814",,"11,440","3,948","1,226","13,767","2,047","3,178","3,524","1,545","5,085",,681,"9,172","11,124","3,857","13,134",,"2,106",655,"1,129",765,"1,015","4,846","3,524","4,957","2,090","4,640","1,734","5,553","1,570","1,143","6,437","3,226","4,022","10,702","7,175","9,011","4,050","3,645","5,665",,"1,148",,"1,036","1,556","47,131",765,"5,818","3,655","1,063","1,623","2,048",773,,"15,382",,"2,165",,"1,804","4,497","3,381",845,"2,278",885,"2,200",885,"2,109",858,"4,251",626,"2,338","4,549","1,162","1,288","3,204","12,333","10,957",971,"15,350","1,435","1,009","3,124","4,275","2,393","4,935","5,161",,"4,454","2,385","2,146","52,436","1,478",,"1,216","5,512","1,647","2,308","3,239","1,157","2,788","3,885","1,221","5,848",,"6,304","13,211",706,"3,102","4,881",983,995,"1,581",,,"9,154","1,940","3,030","2,118",724,"1,116",,"7,450","17,900",,"12,078","1,262","1,529","3,547","4,774","1,458","1,474"
1960,"1,326","1,997","2,313","35,758","8,861",,"14,013","10,391",,733,"11,081","1,468",971,869,"4,642","4,532","2,871",,"2,560","3,398","5,316",564,"1,567","13,952","16,358","6,781","1,057","2,002","1,326","1,192","1,999","3,980",679,"1,135","4,328","8,142","2,994","3,496",,"12,282","4,087","1,245","14,046","2,075","3,328","3,649","1,580","5,037",,701,"9,931","11,792","3,982","13,780",,"2,197",671,"1,167",800,"1,101","5,015","3,496","5,088","2,147","5,067","1,809","5,816","1,613","1,200","6,825","3,437","4,360","10,959","7,433","9,430","4,230","3,714","6,354",,"1,157",,"1,070","1,548","45,929",771,"5,812","3,674","1,323","1,691","2,064",813,,"15,870",,"2,118",,"1,793","4,723","3,586",851,"2,383",899,"2,439",912,"2,115",913,"4,396",628,"2,439","4,855","1,213","1,307","3,148","13,209","11,483",980,"15,087","1,490","1,031","3,217","4,733","2,353","5,125","5,451",,"4,712","2,346","2,248","52,299","1,605","5,557","1,224","5,928","1,632","2,303","3,464","1,176","2,813","3,948","1,352","6,288",,"7,165","13,849",783,"3,257","4,819",974,"1,058","1,718",,,"9,964","2,141","3,041","2,157",732,"1,137",,"7,643","18,057",,"12,116","1,274","1,537","3,778","4,847","1,530","1,495"
1961,"1,309","2,225","2,332","36,949","9,344",,"13,793","10,882",,615,"11,561","1,482","1,004",899,"4,897","4,594","2,925",,"2,555","3,585","5,683",575,"1,597","14,080","17,308","6,923",874,"2,114","1,321","1,041","2,020","4,049",671,"1,173","4,340","8,389","3,068","3,845",,"12,675","4,114","1,176","14,843","1,964","2,868","3,633","1,643","5,587",,722,"10,613","12,302","4,415","14,118",,"2,212",703,"1,318",851,"1,191","5,408","3,532","5,169","2,130","5,404","1,702","6,083","1,690","1,208","7,186","3,622","4,720","10,728","7,964","10,158","4,307","4,280","7,055",,"1,093",,"1,031","1,606","41,622",779,"6,027","3,663","1,400","1,747","2,050",813,,"16,349",,"2,138",,"1,795","4,807","3,634",840,"2,361",904,"2,922",939,"2,131","1,055","5,254",644,"2,538","4,787","1,239","1,313","3,277","13,074","12,106",990,"15,533","1,471","1,066","3,462","5,008","2,410","5,461","5,859",,"4,972","2,396","2,287","48,516","1,725","5,874","1,167","6,481","1,588","2,351","3,623","1,181","2,821","4,038","1,454","6,532",,"7,760","14,564",861,"2,995","5,050",971,"1,103","1,753",,,"10,155","2,289","3,022","2,228",703,"1,093",,"7,740","18,175",,"12,231","1,294","1,545","3,950","4,929","1,495","1,524"
1962,"1,302","2,128","2,409","38,654","9,049",,"14,389","11,078",,657,"12,087","1,400","1,060",877,"5,252","4,672","2,868",,"2,636","3,711","5,923",582,"1,525","14,787","17,794","7,071",926,"2,128","1,339","1,223","2,039","4,135",714,"1,207","4,439","8,454","2,974","4,211",,"13,106","4,057","1,333","15,537","2,222","2,284","3,716","1,712","6,083",,736,"10,869","12,859","4,497","14,131",,"2,257",741,"1,262",899,"1,310","5,577","3,543","5,780","2,174","5,509","1,828","6,315","1,653","1,208","7,390","3,586","4,809","11,435","8,396","10,882","4,339","4,176","7,614",,"1,117",,"1,084","1,620","42,150",787,"6,089","3,612","1,788","1,798","2,067",918,,"16,370",,"2,158",,"1,800","4,881","3,666",827,"2,260",966,"2,847",966,"2,232","1,019","5,144",626,"2,609","5,324","1,341","1,349","3,521","13,770","12,347",998,"15,511","1,728","1,114","3,647","5,230","2,450","5,325","6,183",,"5,308","2,499","2,381","46,304","1,776","6,229","1,296","7,085","1,653","2,370","3,775","1,216","3,062","4,237","1,549","6,599",,"8,027","15,093","1,017","3,174","6,051","1,004","1,117","1,831",,,"10,383","2,198","3,142","2,326",746,"1,106",,"7,498","18,976",,"12,848","1,411","1,554","4,041","5,067","1,443","1,497"
1963,"1,298","2,200","2,491","39,889","8,695",,"14,983","11,454",,673,"12,532","1,430","1,039",947,"5,448","4,772","3,174",,"2,742","3,623","6,033",591,"1,492","15,248","18,438","7,336","1,034","2,378","1,366","1,248","2,059","4,140",846,"1,237","4,653","8,241","2,958","4,423",,"13,367","4,092","1,372","15,513","2,291","2,818","3,698","1,785","6,639",,818,"11,148","13,330","4,599","14,583",,"2,270",689,"1,232",932,"1,486","6,122","3,762","6,381","2,177","6,059","1,675","6,644","1,557","1,242","7,685","3,867","4,578","12,366","8,915","11,576","4,395","4,222","8,176",,"1,138",,"1,135","1,721","40,377",794,"5,973","3,598","2,322","1,849","2,058",995,,"16,766",,"2,179",,"1,747","5,118","4,261",866,"2,263",977,"3,217",996,"2,106",944,"5,745",599,"2,660","5,710","1,443","1,433","3,781","14,078","12,723","1,006","16,150","1,758","1,152","3,877","5,314","2,542","5,582","6,693",,"5,585","2,504","2,479","44,912","1,922","6,405","1,140","7,516","1,562","2,402","4,049","1,218","3,096","4,713","1,643","6,352",,"8,871","15,808","1,047","3,384","5,855",972,"1,143","1,921",,,"10,708","2,480","3,374","2,463",770,"1,197",,"7,450","19,514",,"13,232","1,406","1,568","4,481","5,294","1,438","1,436"
1964,"1,291","2,407","2,576","40,927","9,446",,"15,699","12,062",,695,"13,295","1,492","1,055",939,"5,829","4,898","3,469",,"2,809","3,637","6,355",604,"1,486","15,938","19,195","7,320","1,152","2,691","1,390","1,191","2,079","4,264",888,"1,262","4,720","8,563","3,158","3,971",,"14,062","4,055","1,419","16,832","2,365","2,879","3,843","1,859","6,945",,840,"11,647","14,057","4,616","15,251",,"2,254",720,"1,274","1,027","1,690","6,601","3,814","6,664","2,209","6,591","1,604","6,994","1,583","1,309","7,948","4,026","4,965","13,386","9,430","11,934","4,629","4,752","9,035",,"1,208",,"1,074","1,835","40,333",802,"6,156","3,679","3,156","1,900","2,104","1,054",,"17,864",,"2,201",,"1,779","5,555","5,450",888,"2,343",976,"3,732","1,027","2,150","1,208","5,196",572,"2,754","6,468","1,415","1,451","4,092","15,042","13,256","1,012","16,606","1,714","1,208","3,929","5,523","2,550","5,773","7,012",,"5,926","2,546","2,585","42,186","2,098","6,754",980,"7,978","1,505","2,389","3,800","1,215","3,282","5,166","1,733","7,076",,"9,624","16,761","1,172","3,424","5,797",929,"1,275","1,991",,,"10,841","2,533","3,453","2,676",787,"1,251",,"7,498","20,360",,"14,019","1,427","1,576","4,941","5,499","1,588","1,519"
1965,"1,290","2,544","2,670","41,705","10,155",,"16,182","12,328",,703,"13,643","1,532","1,087",969,"6,137","5,058","3,569",,"2,879","3,617","6,468",612,"1,466","16,694","19,803","7,208","1,253","2,520","1,393","1,176","2,099","4,286",870,"1,286","4,983","8,820","3,088","4,825",,"14,642","4,047","1,203","17,459","2,007","2,981","4,090","1,934","7,420",,872,"12,226","14,609","4,626","15,545",,"2,220",756,"1,368","1,097","1,898","7,187","3,900","7,414","2,314","6,741","1,588","7,029","1,567","1,229","8,051","4,388","5,241","14,100","9,997","12,111","4,894","5,074","9,459",,"1,184",,"1,095","1,917","37,511",810,"6,572","3,639","3,889","1,946","2,118","1,054",,"18,002",,"2,222",,"1,734","5,737","4,933",881,"2,539",983,"3,802","1,057","2,153","1,358","5,227",633,"2,876","6,728","1,490","1,505","4,340","15,618","13,852","1,019","17,341","1,678","1,229","4,151","5,729","2,603","6,036","7,519",,"6,363","2,624","2,703","41,101","2,260","7,068","1,023","8,717","1,568","2,409","3,991","1,282","3,351","5,231","1,816","7,387",,"9,589","17,239","1,320","3,351","5,598",913,"1,412","2,085",,,"11,206","2,635","3,481","2,885",792,"1,242",,"7,498","21,390",,"14,347","1,398","1,588","4,981","5,673","1,828","1,568"
1966,"1,272","2,646","2,770","42,213","10,076",,"16,324","12,930",,716,"13,989","1,549","1,082",963,"6,575","5,233","3,810",,"3,014","3,747","6,873",663,"1,427","17,448","20,225","7,844","1,261","2,595","1,431","1,224","2,157","4,383",937,"1,309","5,193","9,151","3,185","5,083",,"14,964","4,063","1,323","17,789","2,206","2,750","4,074","1,900","7,881",,888,"12,471","15,213","4,761","15,757",,"2,158",759,"1,545","1,165","1,953","7,570","4,033","7,412","2,364","7,184","1,546","7,406","1,535","1,215","8,097","4,686","5,338","15,058","9,867","12,659","4,988","5,000","10,370",,"1,294",,"1,116","2,094","38,335",818,"6,811","4,208","4,417","1,989","2,047","1,025",,"18,084",,"2,289",,"1,733","5,950","5,308",899,"2,828",925,"3,948","1,087","2,174","1,345","4,921",679,"2,942","6,808","1,441","1,414","4,342","15,838","14,258","1,071","18,111","1,722","1,294","4,331","6,038","2,636","6,362","7,957",,"6,637","2,584","2,917","50,660","2,499","7,517","1,065","9,726","1,510","2,404","4,317","1,342","3,464","5,649","1,921","7,657",,"10,029","17,432","1,341","3,351","5,004",878,"1,503","2,251",,,"11,531","2,636","3,824","3,054",867,"1,280",,"7,693","22,529",,"14,174","1,369","1,605","5,311","5,762","1,683","1,541"
1967,"1,277","2,753","2,876","42,416","10,200",,"17,108","13,225",,764,"14,461","1,525","1,165",921,"6,886","5,423","3,724",,"3,127","3,795","7,492",719,"1,452","17,658","20,742","7,933","1,237","2,509","1,443","1,176","2,216","4,438",952,"1,328","5,338","9,507","3,489","5,732",,"14,979","4,055","1,325","18,230","2,211","2,907","4,163","1,835","8,215",,907,"12,667","15,792","4,882","16,018",,"2,134",767,"1,548","1,232","2,058","7,892","4,114","7,474","2,410","7,382","1,482","7,801","1,470","1,286","8,531","5,062","5,043","14,642","9,918","13,476","5,066","4,876","11,400",,"1,317",,"1,143","2,232","35,720",826,"6,295","4,065","4,733","2,036","2,181","1,113",,"18,066",,"2,359",,"1,790","6,132","5,485",910,"3,014",934,"3,995","1,122","2,271","1,372","5,035",725,"2,917","6,365","1,417","1,160","4,500","16,483","15,020","1,034","17,027","2,788","1,307","4,559","6,107","2,694","6,540","8,388",,"7,143","2,676","2,852","55,566","2,721","7,943","1,109","10,302","1,423","2,310","4,741","1,313","3,534","5,703","2,004","7,911",,"10,264","17,883","1,431","3,277","5,246",866,"1,546","2,369",,,"11,679","2,558","3,929","3,300",875,"1,310",,"7,305","22,842",,"14,250","1,165","1,624","5,378","5,993","1,765","1,618"
1968,"1,290","2,665","2,979","42,040","10,485",,"17,770","13,742",,740,"15,009","1,545","1,189",987,"6,963","5,611","3,849",,"3,314","4,050","8,429",781,"1,435","18,297","21,395","8,053","1,178","2,758","1,508","1,189","2,275","4,581",928,"1,347","5,574","9,919","3,229","5,947",,"15,723","4,028","1,288","18,868","2,150","3,151","4,264","1,827","8,606",,902,"12,900","16,365","4,927","16,593",,"2,101",776,"1,519","1,270","2,102","8,394","4,385","7,696","2,463","7,667","1,510","7,865","1,580","1,290","9,197","5,659","5,745","13,648","11,210","14,513","5,235","4,262","12,725",,"1,366",,"1,164","2,468","35,546",834,"6,876","4,136","6,071","2,091","2,291","1,084",,"18,774",,"2,429",,"1,871","6,432","5,606",923,"3,309",976,"4,160","1,154","2,469","1,471","4,602",697,"3,096","6,253","1,398","1,114","4,419","17,365","15,224","1,023","16,809","4,932","1,361","4,752","5,874","2,745","6,881","8,705",,"7,767","2,699","2,636","58,010","2,860","8,391","1,154","10,916","1,471","2,389","5,294","1,420","3,524","5,761","2,083","8,292",,"10,822","18,428","1,329","3,470","5,270",843,"1,581","2,488",,,"12,248","2,766","4,122","3,484",894,"1,304",,"7,353","23,691",,"14,520","1,114","1,639","5,523","6,087","1,741","1,592"
1969,"1,278","2,695","3,080","40,639","11,217",,"18,428","14,555",,717,"15,969","1,551","1,199",980,"7,246","5,812","4,132",,"3,379","4,313","9,247",843,"1,476","18,988","22,308","8,187","1,264","2,737","1,551","1,262","2,335","4,744",918,"1,366","5,773","10,128","3,137","6,446",,"16,641","4,018","1,388","19,974","2,316","3,355","4,366","1,914","9,307",,917,"14,151","17,352","5,252","16,820",,"2,112",784,"1,629","1,333","2,015","9,191","4,497","8,534","2,396","8,209","1,527","8,069","1,739","1,347","9,706","6,212","5,745","13,880","12,310","15,248","5,547","4,420","14,145",,"1,404",,"1,151","2,764","33,415",842,"6,824","4,309","6,539","2,150","2,329","1,074",,"20,516",,"2,503",,"1,900","6,629","6,129",899,"3,483",998,"4,546","1,189","2,699","1,425","4,758",722,"3,196","6,303","1,326","1,372","4,564","18,270","15,779","1,049","18,348","6,028","1,411","4,976","5,859","2,789","6,760","9,306",,"7,949","2,730","2,791","56,236","2,990","8,563","1,243","11,429","1,521","2,171","5,931","1,525","3,520","6,379","2,165","8,329",,"11,775","19,215","1,350","3,379","6,059",881,"1,707","2,608",,,"12,588","2,805","4,267","3,720",883,"1,404",,"7,740","24,195",,"14,655","1,178","1,658","6,001","6,290","1,683","1,731"
1970,"1,272","2,818","3,194","39,135","11,639",,"19,166","15,537",,893,"16,914","1,543","1,188","1,004","7,608","6,038","4,251",,"3,469","4,635","10,197",907,"1,508","19,207","23,479","8,195","1,398","2,882","1,565","1,224","2,396","4,932",961,"1,385","5,984","10,307","2,976","6,590","8,748","17,277","4,774","1,492","20,221","2,488","3,585","4,535","1,999","9,511",,948,"15,266","18,187","5,587","17,162",,"2,270",795,"1,422","1,395","1,934","9,900","4,653","9,250","2,391","8,751","1,567","8,015","1,882","1,384","9,881","6,677","5,536","14,830","12,913","15,492","6,135","3,818","15,484",,"1,458",,"1,031","2,975","48,927",850,"7,084","4,457","6,591","2,203","2,389","1,073",,"20,763",,"2,576",,"1,954","6,873","6,545",934,"3,889","1,023","4,857","1,226","2,778","1,548","4,662",713,"3,314","6,164","1,337","1,744","4,463","19,075","15,983","1,055","17,835","6,056","1,517","5,131","6,143","2,812","7,058","10,117",,"8,724","2,825","3,008","51,921","3,258","9,234","1,337","12,153","1,415","2,287","6,650","1,553","3,488","6,515","2,243","8,886",,"12,803","20,269","1,704","3,537","5,643",880,"1,631","2,700",,,"13,141","2,912","4,398","4,044",905,"1,382",,"8,030","23,958",,"15,289","1,172","1,961","6,288","6,448","1,710","2,043"
1971,"1,237","2,754","3,322","39,540","12,003",,"19,590","16,259",,902,"17,486","1,535","1,219",934,"7,814","6,349","4,490",,"3,513","5,024","10,514","1,113","1,427","20,024","24,487","8,773","1,446","2,874","1,578","1,267","2,546","5,091",974,"1,435","6,199","10,613","3,161","7,382","9,177","17,657","4,846","1,578","20,617","2,678","3,188","4,658","2,045","9,894",,968,"15,565","18,881","6,027","17,440",,"2,377",822,"1,376","1,333","1,989","10,559","4,801","9,787","2,404","9,414","1,651","8,349","1,946","1,364","10,128","7,296","5,686","16,606","13,885","15,683","6,062","3,771","16,004",,"1,500",,980,"3,222","49,302",875,"7,533","4,544","6,008","2,265","2,322",952,,"21,117",,"2,654",,"1,986","6,912","6,884",945,"3,987","1,036","4,994","1,246","2,895","1,533","4,804",794,"3,475","6,258","1,382","1,894","4,533","19,636","16,692","1,022","18,452","5,923","1,484","5,471","6,242","2,882","7,503","10,587",,"9,358","2,906","3,338","59,731","3,462","9,567","1,315","13,509","1,471","2,216","7,318","1,535","3,553","7,084","2,326","9,033",,"13,657","20,320","1,722","3,987","5,992",877,"1,699","2,750",,,"13,185","3,159","4,715","4,470",915,"1,385",,"7,933","24,394",,"15,192","1,202","2,254","6,730","6,591","1,661","2,157"
1972,"1,007","2,729","3,451","39,540","12,170",,"19,772","17,169",,866,"18,336","1,640","1,253",807,"8,145","6,692","4,661",,"3,602","5,480","10,567","1,361","1,368","20,837","25,357","8,520","1,431","2,887","1,612","1,235","2,582","5,348",966,"1,457","6,564","10,932","3,253","7,809","9,626","18,301","4,787","1,674","21,579","2,928","3,746","4,801","2,047","10,796",,995,"16,654","19,549","6,559","18,002",,"2,235",826,"1,334","1,412","2,007","11,795","5,037","10,632","2,448","9,631","1,635","8,505","2,117","1,329","10,621","8,247","5,297","17,366","15,108","16,035","6,150","3,754","17,110",,"1,524",,920,"3,388","48,283",886,"8,228","4,568","6,237","2,279","2,327","1,108",,"22,236",,"2,660",,"1,916","7,256","7,127",971,"4,299","1,023","5,206","1,256","2,906","1,511","5,128",851,"3,649","6,156","1,282","1,908","4,543","20,079","17,409","1,034","18,889","6,271","1,455","5,571","6,264","2,954","7,986","11,046",,"10,130","3,017","3,797","62,416","3,867","9,785","1,282","15,138","1,400","2,289","8,155","1,525","3,668","7,347","2,324","8,995",,"14,269","20,725","1,889","4,149","7,243",800,"1,709","2,786",,,"13,753","3,645","4,929","4,962",945,"1,364",,"7,643","25,414",,"15,135","1,278","2,383","6,948","6,550","1,761","2,268"
1973,"1,011","2,852","3,623","39,669","12,691","9,806","20,527","17,908","7,068",921,"19,399","1,666","1,172",792,"8,423","6,975","4,801","8,341","3,757","6,086","10,635","1,589","1,403","22,058","26,004","7,911","1,513","2,974","1,599","1,305","2,950","5,577","1,006","1,470","6,884","11,223","3,486","7,913","10,026","19,074","4,801","1,793","22,228","3,196","3,757","5,244","2,063","11,638","13,799","1,004","17,669","20,441","6,935","19,168","9,456","2,227",821,"1,411","1,411","2,204","12,202","5,255","11,717","2,544","9,969","1,678","8,920","2,375","1,360","10,946","8,706","5,982","18,277","15,374","16,950","6,583","3,806","18,226","12,154","1,546","5,941","1,239","3,822","42,542",944,"8,397","4,603","6,005","2,268","2,378","1,364","12,103","23,820","12,506","2,700","8,552","1,824","7,597","7,471",926,"4,442","1,001","5,137","1,328","2,986","1,473","5,668",896,"4,081","6,177","1,039","2,012","4,637","20,851","18,050","1,009","19,804","5,227","1,521","5,719","6,413","3,131","8,512","11,639",,"11,258","3,150","3,537","68,407","4,318","10,492","1,288","17,598","1,243","2,096","8,894","1,553","3,767","7,716","2,313","9,658",,"15,079","21,509","1,902","4,468","6,403",746,"1,591","2,987","6,527","7,693","13,844","3,540","5,050","5,496",945,"1,331","7,849","7,885","26,602","8,125","15,540","1,333","2,614","7,226","6,655","1,693","2,283"
1974,"1,039","2,727","3,637","45,347","13,284",,"20,698","18,583",,904,"20,153","1,733","1,132",872,"8,630","7,291","5,112",,"3,854","6,416","10,080","1,656","1,333","22,643","25,718","7,857","1,519","2,931","1,632","1,312","2,848","5,767","1,004","1,497","7,061","11,545","3,609","6,503","10,444","19,228","4,414","1,894","21,919","3,295","3,870","5,392","2,099","12,388",,993,"18,109","20,902","9,083","18,903",,"2,319",848,"1,452","1,458","2,466","11,716","5,461","11,719","2,797","10,786","1,742","9,111","2,439","1,344","11,225","9,210","6,097","19,054","15,980","17,607","6,229","3,995","17,765",,"1,564",,"1,049","4,113","34,962",958,"8,383","4,616","6,923","2,356","2,418","1,414",,"24,503",,"2,791",,"1,816","7,801","7,803",883,"4,863","1,033","5,394","1,342","2,684","1,570","6,038",928,"4,285","6,387","1,105","2,179","5,064","21,514","18,691","1,052","20,529","5,644","1,533","5,695","6,566","3,154","8,928","11,552",,"11,234","3,319","4,159","57,594","4,317","10,801","1,262","19,659","1,328","2,118","9,314","1,581","3,912","8,322","2,399","9,844",,"16,420","22,132","2,204","4,457","7,685",829,"1,612","3,045",,,"14,430","3,735","5,353","5,455",937,"1,302",,"8,176","26,286",,"15,943","1,248","2,703","7,767","6,853","1,776","2,275"
1975,"1,074","1,710","3,649","40,591","12,946",,"20,993","18,564",,883,"19,831","1,570","1,068",843,"9,295","6,252","5,247",,"4,010","6,582","9,825","1,712","1,323","22,819","24,468","6,731","1,594","2,812","1,677","1,213","2,745","5,772","1,038","1,237","7,007","11,794","3,733","5,528","10,954","19,193","4,691","1,940","21,712","3,365","4,020","5,514","2,265","12,621",,972,"18,237","20,653","9,985","18,884",,"1,988",854,"1,497","1,479","3,080","12,309","5,439","11,456","2,764","11,053","1,726","9,253","2,386","1,430","11,662","9,377","6,878","18,935","16,176","17,123","6,129","4,117","18,082",,"1,502",,925,"4,362","28,950",999,"5,742","4,326","6,872","2,428","2,434","1,270",,"22,643",,"2,919",,"1,795","8,011","8,064",982,"5,738","1,057","5,512","1,387","2,238","1,699","6,030",934,"4,221","6,293","1,050","2,051","5,013","21,318","19,560","1,047","19,907","6,802","1,559","5,649","6,896","3,241","9,258","11,073",,"10,388","3,464","4,085","54,866","4,369","11,164","1,199","18,788","1,451","2,225","9,602","1,551","4,030","8,498","2,469","9,779",,"17,205","22,607","2,856","4,506","8,878",952,"1,556","3,123",,,"14,534","3,899","5,719","5,614",956,"1,243",,"8,563","25,956",,"16,385","1,132","2,844","7,976","6,808","1,659","2,235"
1976,"1,105","1,521","3,665","40,803","12,696",,"21,613","19,448",,956,"20,916","1,548","1,039",862,"9,535","6,875","5,268",,"4,219","7,079","10,222","1,801","1,345","23,754","24,753","6,868","1,519","3,017","1,664","1,111","2,794","5,918","1,009","1,251","7,182","11,893","3,786","6,652","11,317","20,218","4,878","2,066","23,059","3,504","4,157","5,877","2,560","13,053",,974,"18,104","21,465","12,747","19,311",,"1,878",905,"1,436","1,443","3,453","12,919","5,705","12,929","2,954","11,469","1,835","9,231","2,536","1,417","11,639","10,665","8,007","19,877","16,053","18,147","5,681","4,935","18,600",,"1,503",,"1,025","4,856","28,956","1,023","2,442","4,415","8,142","2,820","2,464","1,447",,"23,100",,"3,175",,"1,694","8,131","8,319","1,090","6,684","1,103","5,740","1,401","2,064","1,779","7,264",942,"4,638","6,150","1,033","2,208","5,099","22,132","20,610","1,071","20,161","7,328","1,604","5,604","6,808","3,430","9,397","11,308",,"10,861","3,629","4,605","55,169","4,809","11,426","1,387","19,297","1,664","2,370","10,178","1,511","4,084","8,877","2,432","10,143",,"17,462","22,765","3,142","5,149","9,526",918,"1,505","3,333",,,"15,696","4,095","6,110","6,245",996,"1,219",,"8,853","27,058",,"17,174","1,290","3,193","8,207","6,802","1,707","2,163"
1977,"1,022","1,500","3,681","41,915","13,236",,"21,592","20,350",,"1,020","21,025","1,570","1,090",843,"9,398","7,084","5,647",,"4,289","7,248","10,541","1,889","1,417","24,265","25,431","7,438","1,583","3,033","1,706","1,086","2,517","6,046",966,"1,176","7,602","12,344","3,913","7,704","11,634","20,837","4,036","2,117","23,360","3,586","4,398","6,073","2,817","13,342",,977,"18,100","22,177","10,849","19,740",,"1,882",858,"1,417","1,317","3,668","13,158","6,005","13,986","3,153","12,385","1,808","9,765","2,670","1,494","12,425","10,205","7,957","21,465","15,721","18,599","5,501","5,072","19,230",,"1,580",,"1,143","5,368","26,168",993,"4,417","4,339","8,682","3,027","2,582","1,658",,"23,417",,"3,268",,"1,691","8,177","8,738","1,148","7,438","1,148","6,298","1,470","2,013","1,742","7,610",961,"4,903","5,984","1,087","2,220","5,247","22,598","21,399","1,081","19,110","6,998","1,631","5,512","6,626","3,524","9,483","11,832",,"11,422","3,945","4,439","45,999","5,048","11,692","1,409","20,824","1,857","2,236","10,790","1,495","4,221","9,529","2,911","10,288",,"18,595","22,322","3,083","5,491","9,094",830,"1,543","3,585",,,"16,412","4,132","6,271","6,752",993,"1,207",,"8,950","28,001",,"17,693","1,304","3,446","8,780","6,623","1,578","1,946"
1978,"1,070","1,530","3,696","35,936","12,444",,"21,948","20,293",,"1,042","21,605","1,519","1,189",878,"9,594","7,037","5,977",,"4,328","7,425","11,014","2,005","1,398","24,994","26,159","7,936","1,744","3,202","1,744",993,"2,595","6,443",964,"1,275","7,763","12,411","4,114","8,257","12,055","21,447","3,419","2,365","23,632","3,583","4,812","6,314","2,939","13,573",,952,"18,425","22,698","8,013","20,448",,"2,008",897,"1,446","1,465","3,451","13,860","6,156","14,689","3,346","13,265","1,859","9,967","2,727","1,540","13,150","8,710","9,075","22,579","16,139","19,230","5,482","5,926","20,060",,"1,656",,"1,291","5,856","26,363",991,"4,218","4,463","8,730","3,196","2,694","1,934",,"24,331",,"3,298",,"1,604","8,690","9,341","1,101","8,080","1,205","6,583","1,537","1,969","1,581","7,763","1,015","5,214","6,027","1,205","2,028","4,771","22,992","22,061","1,105","19,182","6,513","1,720","5,946","6,454","3,606","9,741","12,463",,"11,700","4,302","4,874","47,072","5,464","11,829","1,495","20,593","1,766","2,082","11,588","1,524","4,375","9,958","2,909","10,455",,"20,014","22,646","3,030","5,906","9,561",808,"1,650","3,861",,,"18,042","4,304","6,350","7,519",993,"1,111",,"9,483","29,286",,"17,481","1,285","3,636","9,283","6,653","1,541","1,964"
1979,"1,023","1,527","3,716","39,534","13,114",,"22,826","21,436",,"1,011","22,094","1,594","1,173",894,"9,954","6,730","6,376",,"4,227","7,736","11,837","2,184","1,326","25,775","26,641","8,475","1,859","3,139","1,785",961,"2,807","6,658","1,023","1,301","7,905","12,439","4,183","9,011","12,164","22,305","3,308","1,932","24,409","3,649","5,088","6,472","3,076","13,681",,999,"19,657","23,326","8,091","20,988",,"1,929",869,"1,360","1,468","2,882","14,193","6,298","15,903","3,382","13,994","1,959","9,964","2,810","1,427","13,335","7,678","10,769","23,443","16,761","20,275","5,318","6,247","20,982",,"1,651",,"1,325","6,266","28,174",966,"4,536","4,546","9,086","3,247","2,815","1,678",,"24,836",,"3,382",,"1,714","9,307","9,891","1,345","8,745","1,240","6,523","1,556","1,937","1,706","7,889","1,030","5,510","6,073","1,261","2,104","3,405","23,347","22,971","1,106","19,580","6,446","1,733","6,075","6,664","3,703","9,471","13,012",,"12,326","4,693","4,677","45,806","5,493","11,867","1,584","20,472","1,524","2,158","12,521","1,572","4,194","10,772","3,295","10,316",,"21,367","23,465","2,990","6,709","9,580",622,"1,698","3,979",,,"18,568","4,481","6,204","7,967",977,966,,"9,966","29,949",,"17,135","1,267","3,733","9,873","6,746","1,451","1,930"
1980,"1,019","1,532","3,741","44,168","13,080","9,291","22,972","21,932","7,165",952,"23,060","1,691","1,165",875,"9,634","6,994","6,588","9,487","4,100","8,249","12,318","2,348","1,234","25,784","27,406","9,024","1,930","3,253","1,900",953,"3,075","6,786","1,065","1,352","7,828","12,723","4,106","9,451","12,336","22,497","3,167","2,219","24,272","3,781","5,024","6,582","3,298","14,008","15,044","1,033","20,640","23,537","8,402","20,612","10,519","1,844",872,"1,325","1,207","2,613","14,300","6,384","17,086","3,282","14,193","2,063","10,052","2,981","1,495","13,614","6,334","10,165","24,528","17,508","20,959","4,975","7,141","21,404","11,899","1,675","5,848","1,320","6,064","21,154","1,054","4,608","4,138","8,741","3,011","2,917","1,589","12,734","24,951","13,739","3,622","9,078","1,680","9,929","9,899","1,168","8,920","1,320","7,992","1,618","1,945","1,682","6,970","1,004","5,829","6,293","1,291","2,080","3,414","23,438","24,031","1,057","19,681","6,491","1,851","6,849","6,795","3,787","9,149","13,040",,"12,822","5,113","5,239","45,860","5,482","12,204","1,672","21,068","1,484","2,021","13,601","1,584","3,781","10,724","3,182","10,245",,"21,151","23,809","2,946","6,424","10,374",583,"1,572","4,071","5,746","6,763","19,734","4,693","6,070","8,384",958,912,"8,467","10,546","29,611","7,453","16,270","1,207","3,650","10,037","6,998","1,452","2,064"
1981,"1,144","1,471","3,762","42,456","12,125","9,548","23,368","21,866","7,490","1,014","22,760","1,733","1,186",878,"9,860","6,875","6,762","9,844","4,060","7,709","12,065","2,528","1,219","26,256","27,730","9,427","1,962","3,242","2,153",950,"3,625","6,782","1,081","1,447","7,461","12,612","4,420","9,631","12,306","22,553","3,091","2,499","24,063","3,846","4,991","6,664","3,309","13,895","15,478","1,009","20,935","23,655","8,625","20,319","11,053","1,820",859,"1,521","1,173","2,603","14,180","6,256","18,301","3,231","14,182","1,964","10,123","3,119","1,557","13,893","5,887","8,035","25,284","18,103","21,041","5,040","7,176","21,924","11,604","1,647","5,789","1,301","6,399","16,402","1,199","4,549","3,862","6,760","3,051","3,049","1,564","13,190","25,136","13,970","3,457","9,538","1,492","10,538","9,937","1,111","9,224","1,369","7,635","1,714","1,940","1,714","7,264",925,"6,095","6,271","1,277","1,855","3,480","23,153","24,179","1,119","20,537","7,210","1,924","7,313","6,921","3,819","8,584","13,061",,"12,934","5,424","4,811","37,307","5,448","12,274","1,706","21,393","1,466","1,943","14,335","1,615","3,507","10,888","2,783","10,254",,"20,929","23,777","3,049","5,928","10,984",521,"1,423","4,230","5,622","6,666","20,298","4,830","6,201","8,749",920,923,"8,695","10,643","30,056","7,527","15,750","1,223","3,767","10,106","7,141","1,492","2,243"
1982,"1,270","1,374","3,783","36,635","11,550","9,809","22,972","22,254","7,831",985,"23,071","1,862","1,183",869,"10,154","7,036","6,841","10,217","3,816","7,587","11,424","2,640","1,208","25,151","27,661","8,016","2,128","3,131","2,257",920,"4,355","6,698","1,124","1,470","6,751","12,824","4,487","10,131","12,109","22,380","3,043","2,592","24,807","3,826","5,145","6,558","3,543","14,045","15,927",980,"21,495","24,120","8,099","20,650","11,611","1,661",858,"1,581","1,195","2,533","14,153","5,903","18,527","3,076","14,123","1,855","10,493","2,941","1,570","14,061","6,535","7,704","25,477","18,155","21,123","5,019","7,401","22,440","11,322","1,680","5,726","1,358","6,821","13,845","1,256","2,823","3,813","6,661","3,102","3,151","1,576","13,654","25,005","14,190","3,725","10,026","1,423","10,240","9,977","1,030","9,526","1,417","7,790","1,814","1,852","1,548","7,563",904,"6,303","6,064","1,231","1,784","3,360","22,780","24,141","1,135","20,715","7,651","2,002","7,444","6,770","3,859","8,429","12,511",,"13,198","5,230","5,088","29,046","5,638","12,267","1,680","20,535","1,599","2,168","14,687","1,610","3,339","10,949","2,817","10,418",,"20,535","24,002","3,005","5,786","10,817",524,"1,323","4,375","5,498","6,575","18,771","4,713","6,381","8,910",905,972,"8,934","9,578","29,210","7,594","15,423","1,293","3,724","10,080","6,891","1,398","2,240"
1983,"1,347","1,288","3,805","32,737","11,775","9,865","22,697","22,944","8,010",991,"23,071","1,728","1,140",891,"9,942","7,240","6,773","10,667","3,585","7,203","11,419","2,848","1,105","25,625","28,009","7,667","2,227","2,901","2,345",909,"4,473","6,655","1,149","1,588","6,743","12,986","4,705","10,544","12,301","22,840","2,963","2,644","25,450","3,905","5,243","6,252","3,701","14,237","16,361",999,"21,944","24,300","8,281","21,366","12,234","1,487",850,"1,482","1,129","2,534","14,132","5,585","19,349","2,947","13,841","1,835","10,401","2,994","1,663","13,931","7,108","6,805","24,605","18,468","21,345","5,117","7,262","22,805","11,735","1,627","5,992","1,412","7,612","14,292","1,283","3,402","3,572","6,237","3,229","3,268","1,561","13,718","25,738","14,376","3,606","10,378","1,395","9,656","9,728","1,057","9,586","1,451","7,610","1,876","1,694","1,553","7,516",913,"6,529","5,734","1,180","1,631","3,437","23,086","24,924","1,076","21,015","8,521","2,077","7,186","5,729","3,837","8,764","12,428",,"13,158","4,935","4,733","23,146","5,960","12,420","1,722","17,315","1,527","2,153","15,720","1,575","3,330","10,707","2,656","10,659",,"20,451","24,412","2,888","5,638","10,581",577,"1,211","4,538","5,547","6,535","16,982","4,844","6,489","9,530",875,"1,014","9,288","8,950","30,158","7,672","14,155","1,333","3,827","9,907","6,554","1,320","2,190"
1984,"1,337","1,259","3,826","32,135","11,837","10,181","24,009","23,016","8,360",968,"23,644","1,809","1,129",918,"10,249","7,264","6,843","10,957","3,561","7,438","11,772","3,124","1,146","26,836","28,315","7,992","2,444","2,703","2,450",932,"4,664","6,741","1,168","1,626","7,065","13,260","5,051","11,330","12,573","23,564","2,944","2,802","26,581","3,830","5,361","6,336","3,810","14,308","16,660",956,"22,486","24,519","8,612","21,869","13,128","1,530",824,"1,462","1,162","2,437","14,453","5,469","21,042","2,968","14,104","1,803","10,696","3,134","1,690","14,435","6,951","6,593","25,357","18,305","21,868","5,059","7,599","23,548","11,553","1,594","5,952","1,476","8,304","14,384","1,344","4,828","3,443","5,695","3,403","3,387","1,589","13,796","27,303","14,682","3,657","10,508","1,305","9,777","10,007","1,084","9,797","1,492","7,828","1,940","1,629","1,486","7,798",925,"6,867","5,539",956,"1,527","3,308","23,750","26,321","1,152","21,783","9,526","2,106","7,192","5,859","3,469","9,006","13,201",,"12,894","4,945","4,807","20,354","6,295","12,379","1,597","16,343","1,404","1,989","16,767","1,608","3,357","10,866","2,447","10,694",,"20,650","25,357","2,858","6,030","9,792",601,"1,239","4,720","5,469","6,314","17,680","4,890","6,736","10,394",870,897,"9,476","8,805","32,076","7,189","13,597","1,420","3,861","10,029","6,672","1,269","2,067"
1985,"1,304","1,242","3,846","29,562","10,895","10,485","24,927","23,514","8,558","1,057","23,873","1,886","1,243",925,"9,924","6,972","6,875","11,000","3,476","7,862","11,848","3,301","1,148","28,025","29,417","8,024","2,619","2,735","2,585",909,"4,484","6,809","1,162","1,742","6,918","13,337","5,120","11,725","12,855","24,133","2,880","2,872","27,710","3,653","5,469","6,433","3,939","14,690","16,541",880,"23,148","24,755","8,131","22,579","13,868","1,559",821,"1,451","1,184","2,662","14,850","5,292","20,883","2,982","14,067","1,776","10,452","3,143","1,720","14,834","6,853","6,268","25,990","18,605","22,469","4,814","7,578","24,437","11,545","1,604","5,616","1,540","8,859","13,015","1,382","5,895","3,269","6,092","3,606","3,484","1,600","13,287","28,032","14,273","3,784","9,398","1,296","9,785","9,894","1,089","10,176","1,506","7,804","2,004","1,466","1,502","8,265",966,"6,626","5,396",950,"1,621","3,107","24,361","27,608","1,194","21,780","10,433","2,230","7,404","5,844","3,135","9,022","13,345",,"13,240","4,994","4,619","16,558","6,260","12,475","1,621","14,422","1,274","2,000","16,611","1,610","3,366","10,839","2,622","10,692","11,815","20,663","25,805","2,812","6,585","10,026",642,"1,240","4,862","5,364","6,186","16,671","5,039","6,958","10,779",843,886,"9,387","8,901","33,023","7,181","13,270","1,471","3,717","10,009","6,385","1,250","2,128"
1986,"1,344","1,106","3,870","21,949","11,515","10,394","25,116","24,039","8,663","1,078","24,221","1,867","1,400",944,"10,170","6,880","7,066","11,230","3,306","8,281","12,404","3,432","1,162","28,472","30,848","8,325","2,748","2,718","2,683",923,"4,058","7,071","1,157","1,766","7,087","13,560","5,075","12,121","13,211","24,657","2,743","3,107","28,681","3,682","5,262","6,452","3,921","15,237","16,866",920,"23,621","25,238","7,818","23,498","13,839","1,575",819,"1,422","1,146","2,534","15,047","5,136","22,823","2,898","14,416","1,729","10,678","3,269","1,755","14,768","5,984","5,992","27,439","19,160","23,106","4,884","7,973","24,992","11,576","1,658","5,413","1,578","9,756","13,509","1,409","5,400","3,129","5,370","4,157","3,607","1,645","13,667","30,051","14,539","3,977","9,937","1,267","9,283","10,551","1,138","10,584","1,465","8,021","2,142","1,479","1,553","9,001",936,"6,543","5,530",969,"1,610","3,011","24,893","28,504","1,218","22,124","10,268","2,302","7,578","6,290","3,161","9,240","14,304",,"13,774","4,854","5,330","12,881","6,378","12,694","1,642","12,897","1,286","2,031","16,831","1,597","3,327","11,180","2,418","11,035","12,242","21,122","26,309","3,210","6,601","9,200",662,"1,237","5,053","5,319","6,204","15,871","4,841","7,323","11,918",845,858,"9,408","9,628","33,850","6,904","13,751","1,481","3,684","10,299","6,236","1,215","2,107"
1987,"1,211","1,211","3,894","21,487","11,633","9,789","25,971","24,409","8,995","1,095","24,772","1,782","1,336",960,"10,173","6,786","6,886","11,297","3,330","8,402","12,683","3,601","1,079","29,246","31,774","8,721","2,931","2,579","2,471",918,"3,953","7,296","1,149","1,817","7,221","13,603","4,887","12,792","13,514","25,027","2,670","3,370","28,728","3,877","5,088","5,893","3,929","16,268","16,898",980,"24,519","25,756","6,320","24,536","13,707","1,605",826,"1,406","1,183","2,579","14,944","5,098","25,414","2,970","14,362","1,682","10,861","3,370","1,793","15,458","5,713","6,052","29,576","20,196","23,824","5,254","7,911","25,904","11,389","1,698","5,241","1,490","10,865","12,416","1,350","6,202","3,084","4,465","4,224","3,590","1,621","13,831","30,533","14,360","3,790","9,852","1,258","9,256","10,385","1,138","10,943","1,382","7,592","2,168","1,562","1,551","9,840",905,"6,723","5,595",912,"1,556","2,922","25,085","28,953","1,208","22,142","10,699","2,364","7,653","6,682","3,218","9,059","14,870",,"14,641","4,919","5,004","12,819","6,400","12,597","1,586","12,919","1,288","2,048","18,345","1,624","3,351","10,973","2,299","11,081","12,473","20,851","27,016","3,403","6,827","9,055",663,"1,165","5,453","5,040","6,194","14,929","5,043","7,838","13,705",859,877,"9,648","10,305","34,730","6,680","13,866","1,500","3,712","10,119","6,212","1,203","2,004"
1988,"1,101","1,360","3,920","20,215","11,244","9,301","26,702","25,112","9,328","1,119","25,905","1,780","1,403",964,"10,098","6,802","6,668","11,198","3,386","8,230","13,087","3,920","1,073","30,275","32,483","9,199","3,045","2,444","2,287",894,"3,908","7,442","1,152","1,898","7,270","13,882","4,994","13,748","13,791","25,759","2,652","3,687","29,049","3,821","4,850","6,357","4,001","17,272","17,661",969,"25,644","26,763","6,982","25,679","14,665","1,648",856,"1,417","1,235","2,577","15,596","5,086","27,063","3,009","14,207","1,701","11,207","3,500","1,938","16,313","5,249","4,635","28,934","20,256","24,743","5,397","7,571","27,393","12,256","1,741","5,679","1,473","12,040","12,317","1,286","4,385","3,070","4,670","4,779","3,633","1,736","14,851","33,351","14,875","4,077","9,731","1,240","9,193","10,034","1,116","11,765","1,207","7,299","2,227","1,701","1,533","10,418",872,"7,144","5,386",939,"1,667","2,498","25,574","28,786","1,269","22,022","10,633","2,442","6,743","6,003","3,355","9,228","15,701",,"15,729","5,082","4,745","12,492","6,338","12,720","1,538","12,795","1,282","2,085","19,853","1,626","3,344","10,793","2,295","11,226","12,659","20,083","27,468","3,492","7,114","9,913",692,"1,239","6,089","5,515","6,601","14,198","4,940","8,019","14,183",867,902,"9,704","10,256","35,863","7,101","14,308","1,556","3,747","9,884","6,319","1,239","2,114"
1989,999,"1,360","3,948","21,072","10,393","10,525","27,407","26,078","8,421","1,111","26,690","1,715","1,342",966,"9,908","6,751","6,711","11,893","3,408","8,333","13,498","5,066","1,070","30,458","33,316","10,005","3,022","2,343","2,021",861,"3,865","7,533","1,108","1,980","7,489","13,976","4,991","14,712","14,027","26,393","2,436","3,714","29,108","4,219","4,889","6,207","4,030","18,359","18,779",956,"27,012","27,576","7,422","26,164","14,161","1,685",869,"1,407","1,259","2,479","16,117","5,144","27,377","3,045","13,959","1,619","11,003","3,747","2,024","17,343","5,303","4,098","28,652","20,091","25,454","5,748","6,540","28,601","12,153","1,761","5,719","1,455","12,759","12,701","1,428","2,488","3,054","4,873","5,093","3,677","1,804","14,693","36,442","15,661","4,073","10,288","1,251","9,392","10,206","1,205","12,607","1,234","7,278","2,232","1,776","1,559","10,806",864,"7,634","5,208",915,"1,729","2,393","26,612","28,942","1,290","22,107","10,692","2,487","6,715","5,160","3,481","9,060","16,332",,"16,533","5,222","4,682","12,137","5,942","12,766","1,476","12,758","1,353","1,980","21,221","1,642","3,322","10,963","2,316","11,336","12,734","19,837","27,933","3,668","7,755","8,735",685,"1,246","6,735","4,962","5,915","13,970","5,023","7,992","15,203",870,929,"10,082","10,305","36,756","7,093","12,750","1,588","3,751","9,887","6,306","1,215","2,181"
1990,963,"1,384","3,983","22,254","10,254","9,669","27,373","26,930","7,394","1,124","27,412","1,811","1,286","1,006","8,922","6,542","5,893","11,467","3,502","7,842","12,994","5,267","1,023","30,082","34,250","10,203","2,982","2,083","1,930",813,"3,794","7,693","1,092","1,965","7,567","13,570","4,713","15,560","14,178","25,391","2,308","3,939","29,412","3,939","4,697","6,221","4,022","19,215","17,247",915,"26,884","28,129","7,646","26,189","12,140","1,693",861,"1,400","1,270","2,474","15,964","5,165","27,960","2,960","12,948","1,602","10,296","4,007","2,087","18,838","5,620","3,918","28,760","20,829","26,003","6,035","6,044","29,949","11,888","1,780","5,742","1,404","13,874","9,757","1,481","3,086","1,690","4,921","5,203","3,864","1,882","13,809","36,706","15,806","4,130","9,835","1,262","9,699","9,173","1,191","13,259","1,253","6,605","2,123","1,776","1,511","11,489",861,"8,179","5,007",872,"1,773","2,291","27,515","29,434","1,315","21,817","10,327","2,531","7,119","4,795","3,502","8,150","16,799","2,456","17,256","5,230","5,345","11,705","5,596","12,400","1,398","14,335","1,211","1,999","22,666","1,635","3,378","9,754","2,217","10,989","12,374","18,093","28,068","3,881","8,239","9,087",692,"1,275","7,385","4,803","5,796","14,112","5,316","8,606","15,841",875,932,"9,607","10,305","36,982","6,790","13,251","1,634","3,622","9,000","6,111","1,285","2,160"
1991,881,"1,437","2,942",0,"11,224","8,142","26,861","27,690","7,319","1,150","27,848","1,812","1,331","1,031","8,320","7,060","5,129","11,171","3,610","7,888","12,299","5,616","1,007","29,152","34,129","10,746","3,051","2,036","1,833",738,"3,863","7,713","1,101","1,988","7,552","11,950","3,982","15,417","12,725","26,770","2,013","4,084","29,915","3,970","4,708","6,513","4,180","19,958","15,351",811,"25,175","28,294","8,297","25,792","9,535","1,743",827,"1,391","1,283","2,428","16,410","5,167","29,009","2,993","10,296","1,629","9,256","4,311","2,062","19,254","6,381","1,519","28,258","20,913","26,570","6,117","5,901","30,837","10,557","1,778","5,162","1,425","15,056","6,311","1,512","4,326","1,568","5,977","5,270","4,215","1,854","12,999","39,198","13,775","4,354","7,958","1,161","10,009","8,616","1,187","13,835","1,205","6,068","1,976","1,719","1,548","11,643",900,"8,781","5,239",866,"1,759","2,210","28,127","31,128","1,361","21,126","11,131","2,645","7,659","4,812","3,433","7,626","17,332","2,316","17,950","5,224","4,732","12,418","5,033","12,012","1,282","16,830","1,278","1,983","23,637","1,467","3,494","8,858","2,203","10,388","10,537","16,402","27,614","3,851","8,571","9,424",703,"1,249","7,850","4,270","5,458","14,061","5,446","8,658","16,935",892,915,"8,899","10,586","36,464","6,486","14,275","1,688","3,662","7,868","6,035","1,280","2,222"
1992,844,"1,389","2,842",0,"12,267","4,700","27,560","28,072","5,639","1,128","28,200","1,791","1,265","1,062","7,846","7,994","3,830","9,961","3,592","7,813","11,427","5,734",965,"29,141","34,357","11,773","3,228","2,012","1,754",657,"3,941","7,888","1,186","2,030","8,039","11,743","3,400","16,570","12,810","27,385","2,142","4,272","30,574","4,185","4,850","6,715","4,339","20,329","13,214",708,"24,220","28,620","8,194","25,790","5,287","1,772",833,"1,391","1,287","2,691","16,546","5,304","30,203","3,095","9,332","1,536","9,154","4,536","2,115","20,033","7,036","2,046","26,859","21,532","26,961","6,292","6,456","30,978","10,013","1,725","4,362","1,427","15,712","12,965","1,564","4,618",915,"6,113","5,737","4,021","1,915","10,241","39,232","9,411","4,194","5,546","1,153","10,262","7,992","1,115","14,341","1,284","4,605","1,841","1,482","1,560","12,002",803,"9,384","5,533",785,"1,794","2,163","28,556","33,041","1,375","21,093","12,251","2,732","8,149","4,698","3,399","7,874","18,291","2,121","18,599","5,187","5,411","15,042","4,818","10,488","1,302","17,905","1,336","1,943","24,776","1,355","3,751","6,568","2,185","8,978","9,839","15,463","27,199","3,901","9,305","10,002",699,"1,182","8,409","2,833","4,588","14,196","5,790","9,150","18,101",895,935,"8,130","11,350","37,240","5,530","14,902","1,793","3,760","6,507","5,902","1,309","1,971"
1993,578,"1,080","3,137","25,559","12,927","4,130","28,622","28,101","4,315","1,076","27,857","1,792","1,240","1,096","7,959","9,102","2,831","9,077","3,670","8,166","11,344","5,787",933,"29,658","34,626","12,297","3,506","1,983","1,677",564,"3,874","8,181","1,211","2,159","8,363","11,880","2,657","16,439","12,974","27,251","2,291","4,340","30,650","4,490","4,817","6,770","4,543","20,057","12,207",699,"23,944","28,336","8,551","26,349","3,793","1,791",863,"1,386","1,280","2,880","16,331","5,383","31,242","3,217","8,740","1,443","9,294","4,837","2,176","20,627","6,915","2,132","26,834","21,485","26,902","6,414","6,461","30,921","9,174","1,698","3,765","1,384","16,503","19,955","1,623","5,053",560,"6,191","5,804","4,247","1,904","8,621","40,179","8,439","4,097","5,384","1,154","10,358","7,318","1,115","14,840","1,322","2,982","1,846","1,439","1,669","12,229",866,"10,132","5,294",772,"1,818","2,115","28,880","34,820","1,385","21,898","13,227","2,777","8,451","4,857","3,427","8,230","19,279","1,996","18,520","5,271","5,528","16,221","5,056","9,789","1,111","18,101","1,374","1,907","27,074","1,405","4,053","4,674","2,184","8,200","10,481","15,872","26,559","3,982","10,010","10,072",681,"1,003","8,964","2,482","4,604","13,746","5,843","9,865","19,088",900,959,"7,090","11,582","37,762","5,193","14,694","1,895","3,712","5,553","5,966","1,312","1,949"
1994,428,"1,121","3,400","28,335","13,571","4,393","29,844","28,781","3,453","1,058","28,707","1,732","1,189","1,136","8,212","9,935","3,017","7,932","3,765","8,616","11,406","5,946",952,"30,746","35,424","12,693","3,730","1,952","1,616",525,"3,636","8,448","1,137","2,291","8,480","12,358","2,683","17,211","13,518","28,140","2,175","4,459","32,359","4,597","4,857","6,940","4,747","20,674","12,070",732,"24,798","28,908","9,193","27,278","3,463","1,814",882,"1,345","1,285","3,081","16,724","5,415","32,219","3,106","9,353","1,262","9,772","5,140","2,255","22,005","6,885","2,109","27,458","22,129","27,668","6,517","6,538","31,135","8,179","1,730","2,994","1,416","17,720","24,532","1,718","5,586",418,"6,645","5,946","4,501","1,924","7,830","40,991","8,704","4,461","3,662","1,132","10,721","7,154","1,112","15,539","1,374","3,074","1,955","1,312","1,733","12,381",792,"10,867","5,545",777,"1,820","2,154","29,728","37,493","1,456","23,077","14,080","2,856","8,550","5,361","3,529","8,722","20,213","1,926","18,819","5,306","5,893","17,955","5,427","8,744",707,"18,679","1,386","1,848","29,455","1,500","4,316","4,911","2,205","7,166","11,064","16,665","27,506","4,134","10,061","9,969",714,"1,146","9,500","1,928","3,770","13,351","5,969","9,309","20,269",905,995,"5,585","12,344","38,807","4,744","14,129","2,018","3,775","5,852","6,173","1,142","2,111"
1995,633,"1,319","3,667","31,240","13,086","4,703","30,690","29,622","2,999",934,"29,370","1,836","1,191","1,183","8,567","10,695","3,237","6,994","3,865","8,952","11,474","6,318",979,"31,331","36,004","13,716","4,000","2,035","1,649",532,"3,764","8,736","1,167","2,445","8,576","13,181","2,861","18,751","14,550","28,869","2,262","4,607","33,356","4,852","5,142","6,985","5,001","21,522","12,881",744,"25,762","29,419","9,834","27,861","3,611","1,857",906,"1,317","1,310","3,365","17,148","5,501","31,942","3,164","10,180","1,379","10,135","5,495","2,356","24,266","7,094","1,997","27,236","23,378","28,666","6,656","6,760","31,887","7,674","1,790","2,776","1,439","19,089","27,553","1,802","6,095",378,"6,899","6,096","4,702","1,889","8,299","40,839","8,709","4,157","3,559","1,130","9,945","7,039","1,100","16,417","1,424","3,571","2,148","1,166","1,686","12,568",907,"11,725","5,639",702,"1,851","2,264","30,680","40,044","1,468","23,752","15,292","2,948","8,556","5,668","3,638","9,408","21,267","1,816","19,262","5,464","5,757","19,960","6,015","8,586","1,049","19,223","1,468","1,887","30,957","1,383","4,592","5,325","2,219","6,888","11,874","17,817","28,519","4,384","10,135","9,856",701,"1,171","10,080","1,666","3,474","14,188","6,049","9,963","21,330",931,"1,055","5,024","12,093","39,391","4,535","14,448","2,167","3,823","6,286","6,406","1,181","2,103"
1996,600,"1,534","3,966","34,043","13,715","4,811","31,740","30,413","3,074",825,"29,820","1,840","1,256","1,234","7,901","11,641","4,915","7,128","3,959","9,125","11,761","6,648",886,"31,594","36,720","14,433","4,220","2,179","1,710",524,"3,989","8,771","1,142","2,594","8,447","13,982","3,250","18,875","15,386","29,350","2,082","4,895","34,325","5,199","5,452","6,994","5,293","22,185","13,548",783,"26,637","29,737","10,389","28,472","4,031","1,908",927,"1,337","1,337","4,426","17,720","5,512","32,262","3,210","11,030","1,426","10,359","5,851","2,476","26,563","7,746","2,338","28,278","23,980","29,231","6,649","6,783","32,784","7,827","1,851","2,902","1,451","20,205","29,613","1,900","6,567",391,"7,544","6,331","5,188","1,932","8,794","40,688","8,947","4,604","3,305","1,132","10,386","7,095","1,131","16,932","1,469","4,663","2,272","1,326","1,873","12,842",973,"12,669","5,687",713,"1,924","2,395","31,812","43,133","1,512","24,321","16,491","2,980","8,652","5,740","3,791","10,066","21,856","1,733","19,939","5,361","5,320","22,395","6,476","8,479",976,"20,280","1,552","1,866","32,724","1,061","4,671","5,710","2,221","6,787","12,623","18,376","29,012","4,515","10,469","9,517",694,"1,216","10,458","1,560","3,227","15,004","6,388","10,645","22,390",980,"1,092","4,637","12,660","40,413","4,453","14,212","2,323","3,856","6,938","6,726","1,261","2,292"
1997,571,"1,687","3,527","38,168","14,723","4,836","32,858","31,173","3,348",800,"30,894","1,868","1,268","1,292","7,927","12,528","5,913","7,885","4,080","9,410","12,125","7,152",917,"32,710","38,165","15,080","4,311","2,289","1,780",490,"3,900","8,952","1,178","2,777","8,684","14,199","3,426","19,265","15,494","30,187","2,081","5,171","35,499","5,617","5,638","7,181","5,595","23,114","15,075",815,"28,240","30,342","11,203","29,260","4,481","1,965",976,"1,308","1,388","8,446","18,588","5,601","33,386","3,303","11,998","1,456","10,942","6,056","2,514","29,456","8,114","2,338","29,939","24,227","29,961","6,524","6,942","33,038","8,094","1,846","3,115","1,466","21,056","31,511","2,002","6,581",702,"8,422","6,345","5,629","1,940","9,593","42,311","9,773","4,469","3,322","1,152","11,030","7,179","1,161","17,695","1,506","5,122","2,445","1,324","1,800","13,198","1,006","13,345","5,797",693,"1,977","2,483","33,200","46,556","1,558","24,802","18,518","2,987","9,055","6,028","3,928","10,811","23,069","1,605","20,810","5,399","5,598","30,989","6,446","8,813",932,"21,087","1,714","1,866","34,868",885,"4,883","6,288","2,209","7,032","13,335","19,259","29,863","4,621","12,233","8,827",719,"1,226","9,996","1,553","2,856","15,932","6,680","11,432","23,438","1,017","1,108","4,612","13,226","41,723","4,529","14,894","2,467","3,928","7,698","6,950","1,311","2,327"
1998,545,"1,811","3,873","39,668","15,186","4,994","34,337","32,376","3,550",808,"31,481","1,863","1,294","1,348","8,322","13,776","6,590","8,482","4,206","9,419","12,385","7,185",936,"33,786","39,891","15,260","4,310","2,393","1,847",473,"4,043","8,863","1,180","3,000","9,054","14,486","3,416","20,213","15,657","31,130","1,975","5,463","36,361","6,013","6,070","7,307","5,885","24,285","15,593",786,"29,715","31,323","11,758","30,077","4,620","2,018","1,011","1,325","1,131","9,712","19,379","5,731","30,866","3,333","12,476","1,481","11,663","5,204","2,612","31,909","8,458","2,795","31,445","24,506","30,650","6,433","7,120","32,558","8,089","1,890","3,106","1,476","19,625","33,331","2,051","6,994",773,"8,545","6,831","5,440","1,923","10,382","44,143","10,430","4,729","3,078","1,174","11,511","7,412","1,167","18,489","1,547","5,522","2,620","1,336","1,841","13,608",986,"12,130","5,860",755,"2,026","2,570","34,689","48,957","1,571","24,861","20,213","3,035","9,560","5,927","3,853","11,413","24,586","1,580","21,782","5,322","6,052","36,448","6,407","8,557",950,"22,311","1,785","1,915","33,590",883,"5,078","6,604","2,229","6,976","13,822","19,851","31,187","4,713","13,801","8,743",754,"1,175","9,078","1,589","3,038","17,014","6,945","11,773","24,131","1,052","1,138","4,640","13,744","43,073","4,576","14,739","2,564","4,044","8,153","7,024","1,309","2,369"
1999,519,"1,899","4,432","42,372","14,578","5,000","35,551","33,608","3,960",772,"32,572","1,882","1,319","1,413","7,922","15,264","7,026","8,690","4,146","9,442","12,238","7,876",968,"35,346","41,092","14,846","4,467","2,417","1,902",452,"3,926","8,382","1,189","3,347","9,184","14,769","3,624","21,148","16,103","32,088","1,931","5,584","37,523","6,420","6,422","6,885","6,211","25,550","15,335",762,"30,987","32,285","10,648","30,933","4,763","2,067","1,031","1,386","1,256","11,690","20,077","5,825","31,134","3,215","12,580","1,513","12,317","5,187","2,708","35,377","8,715","3,157","32,187","24,644","31,340","6,485","7,340","32,395","8,421","1,921","3,144","1,586","21,541","33,351","2,168","7,148",848,"9,064","7,112","5,489","1,924","10,336","47,061","10,708","4,721","2,950","1,207","11,894","7,732","1,192","19,254","1,668","5,143","2,802","1,302","1,954","13,573",990,"12,637","5,926",737,"2,035","2,748","36,409","51,129","1,609","25,868","21,520","3,112","9,785","5,945","3,917","12,058","26,186","1,665","22,590","5,150","6,205","40,135","6,614","9,340",976,"22,059","1,837","1,978","35,156",814,"5,264","5,533","2,247","7,420","13,750","20,794","32,705","4,827","14,236","7,960",734,"1,183","9,347","1,621","3,527","18,160","7,297","11,152","25,472","1,100","1,185","4,751","13,349","44,576","4,631","13,669","2,641","4,080","8,036","7,234","1,374","2,323"
2000,502,"2,014","4,808","48,888","14,369","5,140","36,603","34,796","4,215",740,"33,720","1,909","1,275","1,485","8,411","17,022","7,082","9,111","4,174","9,834","12,600","8,044",964,"36,943","43,251","15,212","4,730","2,353","1,961",414,"4,159","8,497","1,204","3,584","9,320","15,378","4,009","22,327","17,056","33,367","1,881","5,697","39,021","6,788","6,835","6,908","6,594","26,995","16,807",772,"32,690","33,410","10,638","31,946","4,892","2,100","1,047","1,441","1,231","12,915","20,965","5,860","32,894","3,336","13,245","1,521","13,129","5,384","2,753","38,807","9,105","3,649","33,108","26,059","32,717","6,531","7,622","33,211","9,309","1,915","3,246","1,659","23,108","35,845","2,262","7,406",972,"9,771","7,191","5,841","1,967","10,807","50,064","11,310","4,754","2,990","1,239","12,613","8,084","1,153","20,435","1,843","6,046","2,936","1,196","1,935","14,272",967,"13,475","5,972",693,"2,145","2,859","37,900","54,040","1,677","26,823","24,186","3,155","9,899","6,038","4,034","12,732","27,392","1,657","23,372","4,896","5,377","45,788","7,090","10,553","1,024","23,905","1,951","1,984","37,773",829,"5,404","6,060","2,219","8,194","13,905","21,501","34,203","4,895","14,380","7,668",716,"1,150","9,627","1,723","4,173","19,180","7,548","11,904","26,787","1,149","1,192","5,166","13,050","45,886","4,667","13,993","2,773","4,212","8,473","7,583","1,429","2,211"
2001,490,"2,162","5,286","51,263","13,652","5,458","37,276","35,272","4,499",730,"33,923","1,928","1,283","1,551","8,832","18,153","7,129","9,462","4,166","9,953","12,112","8,083",953,"37,307","44,399","15,448","4,995","2,343","2,029",404,"4,257","8,528","1,217","3,799","9,452","16,000","4,231","23,096","17,869","34,260","1,846","5,800","39,426","6,917","7,218","7,131","6,915","28,154","17,697",784,"33,482","33,920","11,105","32,660","5,125","2,143","1,091","1,495","1,233","21,168","21,914","5,883","32,734","3,365","13,818","1,501","13,934","5,526","2,838","40,966","9,621","4,148","33,794","25,427","33,511","6,615","7,983","33,246","10,589","1,972","3,358","1,726","23,804","37,226","2,365","7,837","1,097","10,354","7,014","5,621","1,997","11,607","50,528","12,104","5,042","3,151","1,290","12,565","7,835","1,309","20,413","1,996","6,430","3,134","1,219","1,964","14,348",899,"13,307","5,888",723,"2,283","2,944","38,636","56,578","1,738","27,167","26,431","3,177","9,805","6,010","4,090","13,018","29,517","1,704","23,751","4,918","4,626","50,526","7,860","11,391","1,067","24,192","2,076","2,010","36,865",923,"5,550","6,543","2,246","8,850","14,362","22,007","34,667","4,977","14,221","7,509",783,"1,116","9,819","1,845","5,014","19,737","7,848","10,951","26,204","1,214","1,256","5,794","12,464","45,878","4,725","14,298","2,916","4,249","8,828","7,840","1,504","2,194"
2002,797,"2,523","5,609","54,077","12,095","6,082","38,567","35,824","4,880",737,"34,420","1,934","1,256","1,621","9,472","19,488","7,392","9,870","4,194","10,245","12,025","8,604",929,"38,124","44,934","15,510","5,343","2,298","2,085",414,"4,459","8,631","1,230","3,998","9,592","16,595","4,369","23,828","18,431","34,591","1,824","5,771","39,709","7,327","7,815","7,360","7,143","28,753","18,589",794,"33,987","34,153","11,141","33,271","5,407","2,192","1,149","1,473","1,196","24,845","22,894","5,980","33,038","3,431","14,684","1,494","14,899","5,720","2,871","43,013","10,467","4,632","33,470","24,824","33,780","6,661","8,394","33,195","11,640","1,962","3,299","1,771","25,251","39,943","2,487","8,248","1,343","10,788","7,142","5,721","1,959","12,491","51,710","13,015","5,141","3,374","1,111","12,646","7,964","1,321","20,874","2,176","6,898","3,402","1,200","1,967","14,196",886,"13,810","6,069",735,"2,609","2,969","38,653","58,840","1,710","28,066","27,142","3,266","9,879","6,274","4,181","13,416","30,218","1,711","23,896","5,571","3,842","57,541","8,674","12,259","1,154","24,054","2,206","1,960","37,830","1,102","5,751","7,156","2,250","9,488","14,985","22,725","35,570","5,137","14,581","7,530",832,"1,082","10,276","1,983","5,796","21,052","7,917","11,754","27,426","1,293","1,301","6,263","11,400","46,266","4,777","12,856","3,071","4,292","9,266","8,171","1,579","2,025"
2003,843,"2,712","6,005","59,823","13,089","6,743","39,524","36,063","5,409",704,"34,588","1,920","1,278","1,711","10,081","21,392","7,551","10,493","4,230","10,355","12,095","9,043",846,"38,560","45,442","15,809","5,649","2,263","2,144",436,"4,468","8,855","1,240","4,185","9,831","17,407","4,507","24,347","19,344","34,716","1,946","6,322","39,983","7,325","8,590","7,469","7,366","29,372","19,772",765,"34,607","34,292","11,666","34,232","6,013","2,257","1,146","1,479","1,182","27,571","24,380","6,004","33,594","3,527","15,740","1,496","15,830","5,939","3,036","44,373","11,503","3,782","33,921","24,545","33,918","6,909","8,670","33,620","12,726","1,998","3,465","1,850","25,679","48,810","2,625","8,671",852,"12,871","7,602","5,964","2,003","13,918","51,717","14,142","5,387","3,575","1,198","12,794","8,160","1,391","21,273","2,411","7,445","3,775","1,156","2,076","14,623",906,"14,362","6,082",758,"2,848","3,049","38,804","60,852","1,748","28,876","27,314","3,438","10,154","6,472","4,333","14,036","30,688","1,730","23,678","5,727","4,158","62,234","9,369","13,521","1,130","27,367","2,373","2,025","38,951","1,157","5,957","7,638","2,363","10,391","15,773","23,257","36,436","5,378","13,836","6,987",926,"1,114","10,869","2,136","6,785","23,814","8,282","12,380","28,349","1,370","1,335","7,030","11,439","47,158","4,845","11,728","3,242","4,327","9,686","8,451","1,699","1,701"
2004,869,"3,064","6,420","64,926","14,183","7,230","40,888","36,957","5,971",710,"35,740","1,924","1,269","1,813","10,854","23,390","7,857","11,616","4,331","10,950","12,079","9,330",853,"39,492","47,264","16,479","6,068","2,281","2,198",464,"4,561","9,211","1,247","4,368","10,087","18,389","4,561","25,355","20,555","35,529","2,097","6,603","41,179","7,441","9,182","7,959","7,662","30,088","20,804",771,"35,889","35,094","12,023","34,866","6,343","2,330","1,160","1,586","1,195","33,420","25,780","6,070","36,053","3,687","16,629","1,439","16,999","6,181","3,213","47,029","12,404","6,062","36,209","25,211","34,472","7,005","9,289","34,314","13,930","2,066","3,632","1,966","26,647","55,912","2,785","9,492",761,"14,193","8,322","6,192","2,004","14,996","52,624","15,371","5,584","3,813","1,240","13,288","8,561","1,367","21,233","2,665","8,194","4,334","1,126","2,186","14,855",923,"15,087","6,713",725,"3,137","3,220","39,682","64,824","1,802","29,807","28,607","3,665","10,770","6,731","4,563","14,906","32,111","1,754","24,143","5,877","4,359","74,373","10,531","14,881","1,159","30,234","2,461","2,075","42,111","1,197","6,146","8,512","2,409","11,429","16,571","24,151","38,016","5,559","13,736","7,051","1,200","1,122","11,408","2,301","7,782","25,403","8,705","13,424","29,975","1,464","1,365","8,049","11,955","48,493","5,068","13,713","3,438","4,371","10,317","8,878","1,828","1,605"
2005,964,"3,709","6,858","65,599","15,344","8,007","41,904","37,643","7,554",692,"36,338","1,876","1,310","1,926","11,758","25,231","8,058","12,630","4,445","11,306","12,379","9,798",859,"40,485","49,274","17,137","6,627","2,313","2,223",491,"4,821","9,525","1,266","4,659","10,308","19,774","4,714","26,164","22,129","36,206","2,127","6,698","42,265","8,156","9,970","8,257","8,022","30,886","22,519",829,"36,787","35,495","12,438","35,624","6,850","2,411","1,187","1,542","1,227","35,570","26,092","6,130","38,192","3,851","17,581","1,462","18,141","6,482","3,397","49,223","13,110","6,441","37,884","25,686","34,872","7,074","9,861","34,858","15,234","2,158","3,554","2,145","27,443","62,960","2,949","9,933",755,"16,539","8,419","6,491","2,014","16,418","53,262","17,070","5,708","4,074","1,276","13,656","8,985","1,415","21,905","2,947","9,002","4,822","1,108","2,371","14,725",920,"15,651","6,808",757,"3,348","3,371","40,679","68,109","1,836","30,270","30,393","3,884","11,389","7,091","4,721","15,581","32,014","1,808","24,378","5,923","4,590","76,808","11,314","16,243","1,211","32,700","2,643","2,121","44,699","1,224","6,441","9,198","2,533","12,426","17,650","24,967","39,259","5,867","15,173","7,038","1,266","1,120","11,742","2,417","8,792","26,652","8,983","14,488","31,374","1,554","1,451","8,497","12,757","49,655","5,284","14,944","3,638","4,486","10,882","9,394","1,970","1,496"
2006,"1,057","4,592","7,347","67,831","16,490","8,799","42,651","38,867","10,160",703,"37,052","1,871","1,323","2,058","12,706","26,840","8,411","13,793","4,582","11,767","12,890","10,666",881,"41,247","51,863","17,921","7,271","2,344","2,270",515,"5,016","10,040","1,388","5,141","10,880","21,409","5,416","27,142","23,888","38,014","2,342","7,134","44,025","9,060","10,386","8,522","8,510","31,907","24,579",881,"38,161","36,166","12,343","36,214","7,398","2,504","1,188","1,531","1,234","36,616","27,731","6,306","40,173","4,045","18,707","1,493","19,253","6,783","3,629","51,296","14,186","7,118","38,707","26,571","35,714","7,287","10,405","35,333","16,787","2,255","3,595","2,286","28,516","68,546","2,896","10,237",769,"18,657","9,135","6,904","2,056","17,916","54,921","19,129","6,077","4,243","1,322","14,288","9,466","1,438","22,234","3,247","10,308","5,427","1,099","2,807","15,043",929,"16,354","7,209",771,"3,565","3,526","42,287","71,311","1,884","30,799","33,375","4,063","12,196","7,561","4,909","16,711","32,195","1,778","24,809","6,129","4,193","90,121","12,823","18,008","1,262","34,483","2,904","2,104","48,074","1,247","6,782","9,902","2,714","13,750","19,099","26,183","40,992","6,188","16,825","6,902","1,226","1,145","12,181","2,525","9,752","29,792","9,420","15,425","32,867","1,622","1,501","9,356","13,224","50,490","5,535","16,254","3,829","4,497","11,599","9,978","2,134","1,456"
2007,"1,260","5,774","7,866","65,413","17,892","9,713","44,034","40,305","12,699",701,"38,083","1,905","1,309","2,194","13,785","28,885","8,812","14,857","4,713","12,500","12,917","11,602",897,"41,807","54,510","18,488","7,896","2,380","2,316",546,"4,845","10,602","1,383","5,598","11,585","23,146","5,636","28,110","25,383","39,752","2,396","7,699","44,481","9,866","10,975","8,634","9,131","32,735","26,178",936,"39,999","36,846","13,456","36,817","8,300","2,553","1,253","1,558","1,253","41,278","28,823","6,546","42,231","4,237","19,984","1,542","19,764","7,157","3,871","52,322","15,467","7,588","41,111","27,625","36,311","7,402","10,939","35,893","18,181","2,381","3,831","2,423","29,717","73,097","3,389","11,277",768,"20,732","9,378","7,284","2,107","20,138","58,370","21,042","6,228","4,343","1,384","14,685","10,099","1,441","23,048","3,543","12,027","6,197","1,068","2,875","15,519",982,"17,210","7,510",766,"3,817","3,730","44,009","74,880","1,927","31,784","36,425","4,160","13,492","8,138","5,173","18,067","32,511","1,747","25,477","6,383","4,251","97,913","14,419","20,018","1,291","36,070","3,234","2,138","51,844","1,321","7,139","10,769","2,752","15,216","21,110","27,833","42,400","6,468","18,833","6,780","1,422","1,146","12,695","2,647","10,829","30,806","9,933","16,091","34,761","1,754","1,570","10,356","13,976","50,902","5,908","17,386","4,037","4,516","12,462","10,576","2,319","1,422"
2008,"1,320","6,744","8,522","63,862","18,520","10,081","44,422","40,965","14,073",709,"38,117","1,920","1,315","2,321","14,762","30,612","9,199","16,224","4,924","13,164","12,786","12,385",902,"41,896","56,055","18,804","8,190","2,435","2,353",579,"5,081","10,847","1,419","5,985","11,935","24,257","6,005","28,737","26,186","40,715","2,463","8,454","44,246","10,226","11,475","9,104","9,698","32,844","24,429",990,"40,130","36,762","13,330","36,265","8,462","2,726","1,290","1,618","1,271","47,562","28,908","6,605","42,635","4,359","20,717","1,555","20,381","7,633","4,031","49,583","15,740","8,587","40,810","27,858","35,943","7,353","11,378","35,496","18,666","2,357","4,047","2,482","30,118","75,138","3,614","12,479",811,"25,141","9,932","7,622","2,178","20,880","56,383","20,342","6,531","4,652","1,459","14,808","10,674","1,460","23,675","3,586","13,550","6,982","1,031","2,896","15,958","1,018","17,866","7,618",809,"4,084","3,857","44,841","76,522","2,021","31,445","40,910","4,224","14,467","8,813","5,329","19,012","32,604","1,795","25,591","6,713","4,287","107,402","16,347","21,563","1,365","39,393","3,479","2,147","52,180","1,363","7,313","11,650","2,926","16,227","22,232","28,474","42,190","6,791","18,687","6,600","1,422","1,150","12,768","2,802","12,427","31,434","10,295","16,183","34,762","1,848","1,679","10,824","14,870","50,276","6,278","18,019","4,200","4,549","13,125","10,977","2,505","1,198"
2009,"1,557","7,088","8,859","58,861","17,329","8,399","44,687","39,464","15,384",709,"36,999","1,889","1,287","2,449","14,363","31,730","9,019","16,089","5,011","13,181","12,094","11,495",899,"40,313","55,172","18,184","8,734","2,509","2,370",595,"5,379","10,894","1,455","5,927","11,638","23,659","6,248","27,735","25,094","38,963","2,522","8,512","42,090","10,366","11,907","9,081","10,159","31,670","20,538","1,044","36,663","35,535","13,618","34,402","8,062","2,794","1,255","1,693","1,292","47,161","27,840","6,489","41,076","4,200","19,502","1,604","19,461","7,936","4,271","47,376","16,575","9,269","37,702","27,645","34,055","7,115","11,651","33,590","18,751","2,405","4,076","2,433","29,968","70,073","3,844","14,039",838,"26,404","10,062","7,797","2,199","17,983","52,731","17,582","6,741","4,343","1,368","14,027","10,658","1,477","22,928","3,673","13,459","7,127",992,"2,856","16,029","1,062","17,430","7,548",775,"4,416","3,772","43,179","76,626","2,085","31,233","44,245","4,288","14,516","8,836","5,338","19,718","32,648","1,769","24,902","6,377","4,426","115,283","15,866","20,336","1,384","39,672","3,580","2,129","51,344","1,378","7,166","11,577","2,950","15,417","20,953","25,906","40,116","7,011","18,744","6,587","1,533","1,166","12,543","2,854","13,188","29,657","10,533","15,188","33,974","1,947","1,757","9,381","15,144","48,453","6,618","17,243","4,360","4,594","14,028","10,873","2,743","1,285"
2010,"1,628","7,521","9,223","60,112","18,980","8,331","45,400","40,288","16,154",718,"37,739","1,855","1,326","2,599","14,686","34,058","8,982","17,172","5,142","14,216","11,954","12,545",910,"41,209","57,219","18,910","9,658","2,555","2,420",637,"5,738","11,192","1,433","6,034","12,032","24,573","6,578","27,630","25,922","41,110","2,544","8,768","42,932","11,276","12,588","9,327","10,719","31,786","20,713","1,106","37,615","36,087","14,927","34,754","8,443","2,946","1,292","1,773","1,329","42,038","26,517","6,526","43,171","4,306","19,511","1,557","20,036","8,386","4,526","48,624","17,751","10,274","36,273","28,576","34,766","7,026","11,601","35,011","19,965","2,580","3,978","2,427","31,538","68,865","4,114","15,622",854,"29,157","10,059","8,320","2,314","18,664","54,086","17,140","6,932","4,615","1,350","14,697","11,038","1,505","23,633","3,773","14,510","7,830",957,"2,983","16,269","1,092","18,574","7,906",810,"4,905","3,917","43,812","78,476","2,152","31,586","46,182","4,354","15,169","9,508","5,694","20,609","33,195","1,751","25,463","7,139","4,549","134,803","16,377","21,737","1,416","42,738","3,707","2,151","58,613","1,421","7,351","11,964","3,093","16,345","21,941","26,001","42,635","7,193","20,147","6,521","1,720","1,191","13,344","2,976","14,397","30,236","10,722","16,528","37,385","2,069","1,831","9,601","16,416","49,267","7,003","17,106","4,572","4,812","14,251","11,319","3,032","1,402"
2011,"1,792","8,016","9,484","65,307","20,003","8,465","46,132","41,446","16,176",719,"38,130","1,836","1,344","2,772","15,112","36,372","8,961","17,918","5,331","14,831","11,870","13,376",909,"42,197","58,686","19,705","10,221","2,444","2,494",681,"5,875","11,788","1,479","6,295","12,366","25,289","6,928","27,272","26,725","43,189","2,590","8,944","43,575","11,679","13,204","9,985","10,737","31,600","21,997","1,199","38,432","36,691","16,403","34,971","8,946","3,283","1,347","1,669","1,413","43,841","24,349","6,650","44,532","4,421","19,813","1,648","20,886","8,849","4,768","48,980","18,024","11,484","36,740","29,370","35,151","7,141","11,615","34,979","21,302","2,712","4,142","2,496","32,225","77,126","4,401","16,230",820,"12,893","10,255","8,918","2,346","20,243","54,031","18,428","7,226","4,892","1,347","15,210","11,321","1,500","23,871","3,884","15,747","9,484",925,"3,104","16,483","1,102","19,390","8,203",799,"5,136","4,189","44,591","80,623","2,189","32,057","44,454","4,464","16,762","10,044","5,851","21,837","33,981","1,757","25,133","7,377","4,863","155,533","17,174","23,130","1,449","48,470","3,669","2,123","61,672","1,479","7,607","12,463","3,179","17,391","22,483","26,004","42,079","7,389","21,545","5,979","1,661","1,227","13,318","3,111","16,518","29,745","10,437","17,919","38,565","2,227","1,890","10,333","17,211","49,675","7,396","17,746","4,786","4,088","14,540","11,838","3,205","1,515"
2012,"1,945","8,190","9,592","68,255","19,599","9,077","46,999","41,565","16,359",727,"37,906","1,867","1,388","2,914","15,204","36,949","8,873","18,251","5,511","14,985","11,860","13,743",916,"42,445","58,674","20,531","10,680","2,636","2,541",710,"5,949","12,123","1,509","6,273","12,792","25,279","7,138","26,011","26,474","43,320","2,654","8,823","43,510","11,848","13,379","10,398","10,767","30,699","23,026","1,287","37,704","36,571","16,932","35,185","9,491","3,508","1,397","1,725","1,361","46,255","22,693","6,714","44,904","4,518","19,441","1,674","20,631","9,285","4,932","48,333","16,745","12,652","36,990","29,517","34,068","7,053","11,523","35,580","22,089","2,765","4,104","2,634","32,791","78,801","4,670","16,315",853,"29,766","10,067","9,678","2,456","21,303","52,562","19,405","7,365","4,905","1,351","15,639","11,242","1,448","24,301","4,124","15,421","10,493",967,"3,213","16,893","1,085","20,134","8,483",864,"5,223","4,376","43,957","81,759","2,258","32,674","44,008","4,569","18,051","10,533","6,144","22,188","34,395","1,771","24,218","7,193","5,054","153,922","17,174","23,931","1,531","49,867","3,231","2,163","62,783","1,665","7,726","12,384","3,217","18,005","22,816","25,252","41,650","7,552","22,130","4,829","1,793","1,263","14,227","3,285","18,135","30,157","10,739","18,170","39,207","2,275","1,877","10,383","17,876","50,394","7,928","18,549","4,984","4,077","14,331","11,992","3,350","1,604"
2013,"2,025","8,508","9,660","70,791","19,873","9,385","47,250","41,375","17,133",738,"37,737","1,939","1,422","3,057","15,420","38,493","9,093","18,464","5,789","15,306","11,809","14,853",567,"42,994","59,036","21,135","11,328","2,823","2,612",751,"6,031","12,568","1,619","6,234","12,916","25,329","7,379","24,519","26,338","43,413","2,724","9,145","43,733","12,251","13,494","10,760","10,775","30,280","23,436","1,365","37,246","36,632","17,532","35,618","9,829","3,683","1,421","1,767","1,378","43,209","22,118","6,829","46,040","4,561","19,298","1,722","21,126","9,703","5,172","48,743","16,248","13,158","38,258","30,257","33,094","7,017","11,488","36,354","23,131","2,854","4,509","2,782","33,588","75,256","4,961","15,055",900,"13,326","10,037","9,928","2,559","22,274","53,411","20,129","7,619","5,421","1,345","15,680","11,544","1,443","25,162","4,424","16,064","11,545","1,011","3,319","17,311","1,104","20,760","8,793",880,"5,370","4,527","43,744","81,583","2,316","32,989","41,680","4,703","18,979","11,034","6,472","22,510","34,736","1,781","24,076","8,102","5,054","154,159","17,979","24,224","1,554","50,005","3,451","2,185","64,633","1,965","7,845","12,764","3,314","18,447","23,132","24,944","41,811","7,805","23,036","4,124","1,888","1,292","14,562","3,471","19,751","30,987","10,898","18,788","39,971","2,372","1,889","10,404","18,589","50,863","8,482","21,429","5,200","4,165","14,500","12,171","3,419","1,604"
2014,"2,022","8,673","9,808","72,601","19,183","9,735","47,867","41,338","17,439",748,"38,228","2,008","1,437","3,217","15,711","39,799","9,201","18,822","6,007","15,258","11,780","15,082",561,"43,607","59,485","21,335","11,944","3,011","2,696",802,"6,321","12,972","1,647","6,262","13,222","25,976","7,628","24,411","27,024","43,922","2,823","9,507","44,241","13,017","13,744","11,036","11,016","30,819","24,146","1,459","36,858","36,527","18,053","36,436","10,297","3,747","1,399","1,743","1,355","41,907","22,344","6,981","47,038","4,620","19,284","1,749","22,040","10,090","5,458","52,651","16,493","12,817","38,563","30,686","32,829","7,005","11,523","36,537","23,841","2,942","4,644","2,930","34,493","72,508","5,251","13,416",884,"9,736","10,035","10,342","2,644","23,252","55,102","20,751","7,733","5,739","1,354","15,856","11,937","1,505","26,998","4,728","16,437","12,283","1,060","3,459","17,818","1,129","21,683","9,170",911,"5,569","4,685","44,205","82,216","2,421","33,339","39,418","4,850","19,855","11,186","6,763","23,266","34,787","1,791","24,423","8,382","4,939","155,069","18,515","24,387","1,615","50,693","3,531","2,224","65,655","2,007","7,935","12,606","3,474","18,730","23,703","25,693","42,476","7,927","24,250","3,536","2,279","1,334","14,642","3,633","21,546","30,842","11,040","19,277","41,472","2,467","1,923","9,818","19,160","51,664","9,085","20,317","5,455","4,054","14,627","12,242","3,478","1,594"
2015,"1,928","8,689","10,032","74,746","19,502","10,042","48,357","41,294","17,460",694,"38,569","2,055","1,450","3,402","16,373","40,483","9,495","18,136","6,200","15,826","11,849","14,805",576,"43,619","59,307","21,589","12,244","3,218","2,778",836,"6,272","13,218","1,696","6,266","13,677","27,041","7,889","24,963","28,194","44,293","2,941","9,319","44,635","13,762","14,004","10,905","11,159","31,847","24,493","1,553","36,836","36,827","18,389","36,941","10,603","3,809","1,364","1,786","1,393","37,822","22,442","7,138","47,777","4,706","19,698","1,742","22,788","10,484","5,794","54,278","16,253","13,014","39,727","30,954","33,118","7,024","11,519","37,031","23,850","3,046","4,754","3,086","35,269","71,354","5,559","12,953",865,"8,514","10,185","10,763","2,710","23,889","55,972","21,488","8,001","5,775","1,360","16,096","12,371","1,553","28,700","5,021","17,249","12,398","1,103","3,424","18,322","1,124","22,432","9,462",913,"5,578","4,866","44,869","82,713","2,455","33,696","38,738","5,030","20,723","11,445","7,047","24,177","35,384","1,763","24,915","8,539","5,003","156,029","19,320","23,691","1,693","51,681","3,625","2,311","65,660","1,563","8,109","12,765","3,545","18,479","24,588","26,268","43,746","7,969","25,690","3,049","2,384","1,370","15,020","3,789","22,675","30,702","11,060","19,836","41,668","2,566","1,954","8,961","19,244","52,591","9,720","18,802","5,763","2,844","14,971","12,246","3,478","1,560"
2016,"1,929","8,453","10,342","75,876","18,875","10,080","48,845","41,445","16,645",665,"38,766","2,080","1,483","3,604","17,037","41,078","9,746","17,628","6,355","13,873","12,003","15,198",589,"43,745","59,662","21,696","12,569","3,395","2,828",836,"5,974","13,326","1,702","6,418","14,098","27,738","8,000","25,577","28,823","44,689","3,064","9,550","44,836","14,489","14,331","10,527","11,351","30,110","24,857","1,635","37,239","37,124","18,413","37,334","10,899","3,878","1,417","1,788","1,436","33,317","22,574","7,221","48,330","4,796","20,376","1,728","23,279","10,911","6,125","56,597","16,783","13,898","42,085","31,701","33,419","7,084","11,529","37,465","23,842","3,169","4,879","3,251","36,103","71,010","5,859","12,972",829,"8,096","10,233","11,149","2,767","24,743","57,006","22,092","8,039","6,068","1,381","16,133","12,644","1,594","29,817","5,284","17,741","12,360","1,113","3,407","18,918","1,112","23,053","9,376",925,"5,360","5,045","45,600","82,814","2,435","34,295","38,515","5,223","21,449","11,776","7,410","24,838","35,082","1,742","25,346","8,786","5,321","156,299","17,782","23,635","1,758","51,397","3,651","2,403","65,729","1,619","8,280","13,184","3,624","18,635","25,364","26,908","44,659","7,881","26,624","3,091","2,189","1,400","15,454","3,991","23,813","29,178","11,073","17,906","42,165","2,660","1,980","9,214","19,468","53,015","10,381","15,219","6,062","2,506","15,416","12,139","3,479","1,534"
2017,"2,015","8,146","10,702","76,643","19,201","10,859","49,266","42,177","16,522",671,"39,352","2,142","1,530","3,837","17,764","40,696","10,069","18,113","6,521","13,952","12,061","15,397",607,"44,592","60,171","21,650","12,734","3,559","2,850",839,"5,747","13,358","1,713","6,577","14,471","28,773","8,142","26,445","29,998","45,620","3,168","8,842","45,456","15,019","14,267","10,637","11,620","30,908","26,254","1,753","38,367","37,895","17,963","37,783","11,431","4,104","1,563","1,819","1,483","31,048","22,959","7,308","49,919","4,941","21,232","1,726","24,350","11,365","6,449","60,544","17,687","13,211","42,978","32,339","34,027","7,135","11,494","38,415","24,557","3,250","5,056","3,425","37,093","66,010","6,166","12,881",829,"13,008","10,440","11,418","2,721","26,157","56,780","23,133","8,291","6,419","1,400","16,309","12,753","1,629","30,902","5,536","18,569","12,768","1,125","3,431","19,522","1,119","24,041","9,188",935,"5,271","5,214","46,651","84,056","2,600","34,876","37,102","5,392","22,207","11,953","7,781","26,061","35,439","1,673","26,299","9,114","5,270","154,669","19,158","24,043","1,819","50,002","3,566","2,520","67,331","1,644","8,428","13,489","3,721","19,152","26,096","28,190","45,193","7,963","27,574","3,241","2,066","1,418","16,032","4,205","25,070","28,557","11,168","18,996","43,504","2,763","1,992","9,484","19,918","54,008","10,744","12,879","6,422","2,322","15,961","12,189","3,498","1,582"
2018,"1,935","7,771","11,104","76,398","18,556","11,454","49,831","42,988","16,628",651,"39,756","2,220","1,590","4,099","18,444","39,499","10,461","18,727","6,696","14,034","11,995","15,842",623,"44,869","61,373","22,105","13,102","3,714","2,888",859,"5,715","13,545","1,724","6,831","14,686","29,601","8,326","27,184","30,749","46,178","3,296","9,021","46,312","15,912","14,228","10,639","11,957","31,497","27,409","1,838","38,897","38,516","17,614","38,058","11,985","4,267","1,606","1,882","1,501","28,529","23,451","7,402","50,839","5,042","22,012","1,729","25,623","11,852","6,806","64,684","17,011","12,836","43,439","32,955","34,364","7,273","11,506","38,674","25,308","3,377","5,177","3,629","37,928","65,521","6,451","12,559",818,"15,013","10,475","11,663","2,731","27,371","57,428","24,313","8,451","6,747","1,428","16,494","13,074","1,667","32,029","5,838","19,504","13,383","1,133","3,458","20,139","1,117","24,842","9,043",965,"5,238","4,952","47,474","84,580","2,727","35,336","36,478","5,510","22,637","12,310","8,139","27,455","35,076","1,596","27,036","9,339","5,208","153,764","20,126","24,669","1,929","50,305","3,380","2,617","68,402","1,684","8,598","14,124","3,730","19,539","27,076","29,245","45,542","8,068","29,531","3,349","2,046","1,451","16,649","4,440","26,318","28,549","11,354","19,270","44,664","2,875","2,045","9,813","20,186","55,335","11,220","10,710","6,814","2,285","16,558","12,166","3,534","1,611"
